TABLE_SET_NAME,TABLE1,TABLE2,JOIN_COUNT,JOIN_EXECUTIONS,STATIC_COEFFICIENT,DYNAMIC_COEFFICIENT,TOTAL_AFFINITY,TOTAL_AFFINITY_MODIFIED,TABLE_MAP_ID
MedicalRecord,IM_STUDY_PARENT_R,ORDER_CATALOG,1,4,0.00645,0.00176,0.00411,0.01,15
MedicalRecord,STICKY_NOTE,PRSNL,1,8,0.00398,0.00012,0.00205,0.01,20
MedicalRecord,ESO_TRIGGER,CODE_VALUE,4,28,0.00802,0.00041,0.00422,0.01,23
MedicalRecord,LOCATION,CODE_VALUE,3,267,0.00548,0.00365,0.00457,0.01,31
MedicalRecord,LOCATION,PRSNL_ORG_RELTN,1,8,0.01099,0.00077,0.00588,0.01,36
MedicalRecord,FILL_PRINT_ORD_HX,MED_PRODUCT,1,21,0.05556,0.02689,0.04123,0.01,188
MedicalRecord,FILL_PRINT_ORD_HX,PACKAGE_TYPE,1,21,0.02778,0.01567,0.02173,0.01,189
MedicalRecord,PHARMACY_NOTES,ORDERS,2,49,0.00447,0.00341,0.00394,0.01,193
MedicalRecord,PHARMACY_NOTES,ORDER_CATALOG,2,49,0.01389,0.02087,0.01738,0.01,194
MedicalRecord,PHARMACY_NOTES,ORDER_INGREDIENT,2,49,0.01923,0.04356,0.0314,0.01,197
MedicalRecord,MRU_LOOKUP_ED_DOC,PRSNL,1,1,0.00405,0.00001,0.00203,0.01,203
MedicalRecord,PAT_ED_RELTN,PRSNL,4,30,0.01581,0.00044,0.00813,0.01,212
MedicalRecord,PAT_ED_RELTN,CODE_VALUE,1,8,0.00198,0.00012,0.00105,0.01,213
MedicalRecord,PROBLEM_COMMENT,PRSNL,1,4,0.00405,0.00006,0.00206,0.01,220
MedicalRecord,WARNING_LABEL_XREF,MEDICATION_DEFINITION,4,219,0.18182,0.28442,0.23312,0.01,222
MedicalRecord,PRSNL_ORG_RELTN,CLINICAL_SERVICE_RELTN,2,62,0.05128,0.01071,0.031,0.01,59
MedicalRecord,PRSNL_ORG_RELTN,CODE_VALUE_EXTENSION,2,1711,0.00707,0.05719,0.03213,0.01,60
MedicalRecord,PRSNL_ORG_RELTN,ENCNTR_PRSNL_RELTN,2,1711,0.02041,0.16988,0.09515,0.01,61
MedicalRecord,PRSNL_ORG_RELTN,ENCOUNTER,2,1711,0.00494,0.03207,0.01851,0.01,62
MedicalRecord,PRSNL_ORG_RELTN,LOCATION,1,8,0.01099,0.00077,0.00588,0.01,63
MedicalRecord,PRSNL_ORG_RELTN,ORGANIZATION,2,69,0.02062,0.00802,0.01432,0.01,64
MedicalRecord,PRSNL_ORG_RELTN,ORG_ALIAS_POOL_RELTN,1,4,0.01754,0.00052,0.00903,0.01,65
MedicalRecord,PRSNL_ORG_RELTN,PERSON_PRSNL_RELTN,2,1711,0.02778,0.2159,0.12184,0.01,66
MedicalRecord,PRSNL_ORG_RELTN,PRSNL,3,15,0.01068,0.0002,0.00544,0.01,67
MedicalRecord,SCD_STORY,PRSNL,1,12,0.00376,0.00018,0.00197,0.01,70
MedicalRecord,SCH_LOCATION,PRSNL,1,4,0.00389,0.00006,0.00198,0.01,79
MedicalRecord,ORDER_CATALOG_ITEM_R,ALT_SEL_CAT,1,144,0.05,0.1295,0.08975,0.01,85
MedicalRecord,ORDER_CATALOG_ITEM_R,ALT_SEL_LIST,1,144,0.05882,0.12903,0.09393,0.01,86
MedicalRecord,ORDER_CATALOG_ITEM_R,MED_DEF_FLEX,1,248,0.01316,0.07094,0.04205,0.01,87
MedicalRecord,ORDER_CATALOG_ITEM_R,MED_DISPENSE,1,248,0.04167,0.21986,0.13077,0.01,88
MedicalRecord,ORDER_CATALOG_ITEM_R,MED_FLEX_OBJECT_IDX,1,248,0.01613,0.08376,0.04995,0.01,89
MedicalRecord,ORDER_CATALOG_ITEM_R,MED_INGRED_SET,1,248,0.07692,0.28118,0.17905,0.01,90
MedicalRecord,ORDER_CATALOG_ITEM_R,MED_OE_DEFAULTS,1,248,0.03704,0.16723,0.10214,0.01,91
MedicalRecord,ORDER_CATALOG_ITEM_R,ORDER_CATALOG,6,264,0.04255,0.10088,0.07172,0.01,92
MedicalRecord,ORDER_CATALOG_ITEM_R,ORDER_CATALOG_SYNONYM,7,512,0.04268,0.12302,0.08285,0.01,93
MedicalRecord,PRSNL_GROUP_RELTN,CODE_VALUE,3,1441,0.00594,0.02056,0.01325,0.01,94
MedicalRecord,PRSNL_GROUP_RELTN,PRSNL,3,35,0.01167,0.00049,0.00608,0.01,95
MedicalRecord,CE_MED_RESULT,PRSNL,1,12,0.00398,0.00018,0.00208,0.01,101
MedicalRecord,TEMPLATE_NONFORMULARY,MED_IDENTIFIER,1,8,0.03704,0.00938,0.02321,0.01,108
MedicalRecord,TEMPLATE_NONFORMULARY,ORDERS,1,8,0.00225,0.00056,0.00141,0.01,109
MedicalRecord,TEMPLATE_NONFORMULARY,ORDER_CATALOG,1,8,0.00704,0.00344,0.00524,0.01,110
MedicalRecord,TEMPLATE_NONFORMULARY,ORDER_CATALOG_SYNONYM,1,8,0.00602,0.00194,0.00398,0.01,111
MedicalRecord,TEMPLATE_NONFORMULARY,ORDER_INGREDIENT,1,8,0.0098,0.00727,0.00854,0.01,112
MedicalRecord,ORDER_TASK,CODE_VALUE,1,98,0.00195,0.0014,0.00168,0.01,116
MedicalRecord,ORDER_TASK,ORDERS,2,18,0.00438,0.00118,0.00278,0.01,121
MedicalRecord,PCS_DEMOGRAPHIC_FIELD,CODE_VALUE,2,248,0.00401,0.0036,0.00381,0.01,130
MedicalRecord,DCP_FORMS_ACTIVITY_COMP,CODE_VALUE,1,6,0.00197,0.00009,0.00103,0.01,132
MedicalRecord,BILL_ITEM,CODE_VALUE,2,60,0.00392,0.00085,0.00239,0.01,141
MedicalRecord,PROCEDURE_SPECIMEN_TYPE,ORDER_CATALOG,1,8,0.0069,0.00309,0.005,0.01,159
MedicalRecord,SCH_APPT_OPTION,ORDER_CATALOG_SYNONYM,2,3,0.01099,0.00066,0.00583,0.01,161
MedicalRecord,RENEW_NOTIFICATION_PERIOD,ORDER_CATALOG,1,2,0.00704,0.00086,0.00395,0.01,173
MedicalRecord,PERSON,PERSON_PRSNL_RELTN,6,11,0.01875,0.00016,0.00946,0.01,368
MedicalRecord,SCH_EVENT_ACTION,ENCNTR_PRSNL_RELTN,1,5,0.0082,0.00065,0.00443,0.01,399
MedicalRecord,SCH_EVENT_ACTION,PRSNL,5,28,0.01656,0.0004,0.00848,0.01,403
MedicalRecord,SCH_EVENT_ACTION,ORDERS,1,1,0.002,0.00006,0.00103,0.01,408
MedicalRecord,SCH_EVENT_ACTION,CODE_VALUE,2,2,0.00362,0.00003,0.00183,0.01,416
MedicalRecord,SCH_EVENT_ATTACH,CODE_VALUE_EXTENSION,1,7,0.00353,0.00026,0.0019,0.01,427
MedicalRecord,SCH_EVENT_ATTACH,ORDERS,3,138,0.00633,0.00925,0.00779,0.01,428
MedicalRecord,SCH_EVENT_ATTACH,ORDER_ACTION,1,7,0.00377,0.00109,0.00243,0.01,429
MedicalRecord,SCH_EVENT_ATTACH,ORDER_CATALOG_SYNONYM,2,3,0.0102,0.00062,0.00541,0.01,430
MedicalRecord,ENCNTR_ALIAS,CODE_VALUE,7,203,0.01201,0.00271,0.00736,0.01,438
MedicalRecord,ENCNTR_ALIAS,ORDER_CATALOG,1,3,0.00431,0.00036,0.00234,0.01,440
MedicalRecord,ENCNTR_ALIAS,ORDER_CATALOG_SYNONYM,4,40,0.01581,0.00395,0.00988,0.01,441
MedicalRecord,ENCNTR_ALIAS,ORDERS,3,11,0.00563,0.00054,0.00309,0.01,445
MedicalRecord,ENCNTR_ALIAS,ORDER_ACTION,1,3,0.00309,0.00026,0.00168,0.01,454
MedicalRecord,ENCNTR_ALIAS,PRSNL,1,4,0.00293,0.00005,0.00149,0.01,456
MedicalRecord,CE_EVENT_ACTION,PRSNL,2,28,0.00772,0.00041,0.00407,0.01,474
MedicalRecord,TASK_ACTIVITY,ORDERS,10,435,0.01767,0.028,0.02284,0.01,494
MedicalRecord,TASK_ACTIVITY,PRSNL,7,422,0.01867,0.00607,0.01237,0.01,496
MedicalRecord,TASK_ACTIVITY,ORDER_IV_INFO,1,15,0.00568,0.0077,0.00669,0.01,504
MedicalRecord,RAD_EXAM,ORDERS,7,134,0.01477,0.00915,0.01196,0.01,519
MedicalRecord,RAD_EXAM,ORDER_ACTION,2,13,0.00746,0.00212,0.00479,0.01,520
MedicalRecord,RAD_EXAM,ORDER_CATALOG_SYNONYM,6,126,0.03061,0.02856,0.02959,0.01,521
MedicalRecord,ORDER_CATALOG_SYNONYM,ALT_SEL_CAT,3,13,0.01754,0.00282,0.01018,0.01,530
MedicalRecord,ORDER_CATALOG_SYNONYM,ALT_SEL_LIST,3,13,0.01786,0.00282,0.01034,0.01,531
MedicalRecord,ORDER_CATALOG_SYNONYM,CODE_VALUE_EVENT_R,5,80,0.0289,0.01846,0.02368,0.01,532
MedicalRecord,ORDER_CATALOG_SYNONYM,ENCOUNTER,20,1188,0.03906,0.02277,0.03092,0.01,533
MedicalRecord,ORDER_CATALOG_SYNONYM,EXAM_DATA,4,497,0.02395,0.12299,0.07347,0.01,534
MedicalRecord,ORDER_CATALOG_SYNONYM,MED_DEF_FLEX,11,553,0.05023,0.08441,0.06732,0.01,535
MedicalRecord,ORDER_CATALOG_SYNONYM,MED_FLEX_OBJECT_IDX,11,553,0.05366,0.09192,0.07279,0.01,536
MedicalRecord,ORDER_CATALOG_SYNONYM,MED_OE_DEFAULTS,11,553,0.06471,0.12186,0.09329,0.01,537
MedicalRecord,ORDER_CATALOG_SYNONYM,OCS_FACILITY_R,3,13,0.01852,0.00324,0.01088,0.01,538
MedicalRecord,ORDER_CATALOG_SYNONYM,ORDERS,74,1606,0.13989,0.09632,0.11811,0.01,539
MedicalRecord,ORDER_CATALOG_SYNONYM,ORDER_CATALOG,68,731,0.2931,0.13267,0.21289,0.01,540
MedicalRecord,ORDER_CATALOG_SYNONYM,ORDER_CATALOG_ITEM_R,7,512,0.04268,0.12302,0.08285,0.01,541
MedicalRecord,ORDER_CATALOG_SYNONYM,ORDER_DISPENSE,4,8,0.0221,0.00166,0.01188,0.01,542
MedicalRecord,ORDER_CATALOG_SYNONYM,ORDER_INGREDIENT,55,364,0.26829,0.07821,0.17325,0.01,543
MedicalRecord,ORDER_CATALOG_SYNONYM,ORDER_RADIOLOGY,17,274,0.06667,0.04913,0.0579,0.01,544
MedicalRecord,ORDER_CATALOG_SYNONYM,ORDER_SENTENCE,3,14,0.01807,0.00337,0.01072,0.01,545
MedicalRecord,ORDER_CATALOG_SYNONYM,PERSON,16,102,0.03678,0.00149,0.01914,0.01,546
MedicalRecord,ORDER_CATALOG_SYNONYM,PHONE,1,81,0.00389,0.00834,0.00612,0.01,547
MedicalRecord,ORDER_CATALOG_SYNONYM,PW_CAT_FLEX,2,10,0.01198,0.00247,0.00723,0.01,548
MedicalRecord,ORDER_CATALOG_SYNONYM,RAD_FOL_UP_FIELD,2,32,0.01227,0.00793,0.0101,0.01,549
MedicalRecord,ORDER_CATALOG_SYNONYM,RAD_INIT_READ,4,33,0.02454,0.00821,0.01638,0.01,550
MedicalRecord,ORDER_CATALOG_SYNONYM,SCH_EVENT_PATIENT,2,3,0.01026,0.00056,0.00541,0.01,551
MedicalRecord,ORDER_CATALOG_SYNONYM,REGIMEN_CATALOG,2,10,0.01235,0.00249,0.00742,0.01,552
MedicalRecord,ORDER_CATALOG_SYNONYM,ORDER_INGREDIENT_DOSE,3,27,0.01818,0.00671,0.01245,0.01,553
MedicalRecord,ORDER_CATALOG_SYNONYM,ORDER_IV_INFO,26,191,0.14607,0.04681,0.09644,0.01,554
MedicalRecord,ORDER_CATALOG_SYNONYM,CS_COMPONENT,1,4,0.00543,0.00094,0.00319,0.01,555
MedicalRecord,ORDER_CATALOG_SYNONYM,ENCNTR_ALIAS,4,40,0.01581,0.00395,0.00988,0.01,556
MedicalRecord,ORDER_CATALOG_SYNONYM,IMAGE_CLASS_TYPE,1,52,0.00571,0.01159,0.00865,0.01,557
MedicalRecord,ORDER_CATALOG_SYNONYM,RAD_RPT_LOCK,4,29,0.02353,0.00711,0.01532,0.01,558
MedicalRecord,ORDER_CATALOG_SYNONYM,FILM_EXAM,1,246,0.00613,0.06115,0.03364,0.01,559
MedicalRecord,ORDER_CATALOG_SYNONYM,ORDER_ACTION,7,24,0.01818,0.0025,0.01034,0.01,560
MedicalRecord,ORDER_CATALOG_SYNONYM,RAD_EXAM,6,126,0.03061,0.02856,0.02959,0.01,561
MedicalRecord,ORDER_CATALOG_SYNONYM,RAD_FILM_ADJUST,1,8,0.0061,0.00199,0.00405,0.01,562
MedicalRecord,ORDER_CATALOG_SYNONYM,SCH_EVENT,2,3,0.00897,0.00055,0.00476,0.01,563
MedicalRecord,ORDER_CATALOG_SYNONYM,REGIMEN_CAT_SYNONYM,2,10,0.01235,0.00249,0.00742,0.01,564
MedicalRecord,ORDER_CATALOG_SYNONYM,FILM_USAGE,1,12,0.00617,0.00299,0.00458,0.01,565
MedicalRecord,ORDER_CATALOG_SYNONYM,MAMMO_STUDY,2,32,0.01205,0.00793,0.00999,0.01,566
MedicalRecord,ORDER_CATALOG_SYNONYM,MEDIA_EXAM,1,246,0.00613,0.06115,0.03364,0.01,567
MedicalRecord,ORDER_CATALOG_SYNONYM,MED_DISPENSE,1,248,0.00565,0.05526,0.03046,0.01,568
MedicalRecord,ORDER_CATALOG_SYNONYM,PROC_CLASSIFICATION,2,13,0.01212,0.00322,0.00767,0.01,569
MedicalRecord,ORDER_CATALOG_SYNONYM,RAD_INT_CASE_R,1,1,0.00617,0.00025,0.00321,0.01,570
MedicalRecord,ORDER_CATALOG_SYNONYM,RAD_REPORT,5,120,0.02475,0.02678,0.02577,0.01,571
MedicalRecord,ORDER_CATALOG_SYNONYM,SCH_APPT_OPTION,2,3,0.01099,0.00066,0.00583,0.01,572
MedicalRecord,ORDER_CATALOG_SYNONYM,SCH_EVENT_ATTACH,2,3,0.0102,0.00062,0.00541,0.01,573
MedicalRecord,ORDER_CATALOG_SYNONYM,TRACKABLE_OBJECT,1,52,0.00565,0.01231,0.00898,0.01,574
MedicalRecord,ORDER_CATALOG_SYNONYM,BILL_ONLY_PROC_RELTN,1,12,0.00617,0.00299,0.00458,0.01,575
MedicalRecord,ORDER_CATALOG_SYNONYM,DRC_PREMISE,1,10,0.00617,0.00249,0.00433,0.01,576
MedicalRecord,ORDER_CATALOG_SYNONYM,MED_INGRED_SET,1,248,0.00602,0.05846,0.03224,0.01,577
MedicalRecord,ORDER_CATALOG_SYNONYM,SCH_APPT_ORD,1,1,0.00617,0.00025,0.00321,0.01,578
MedicalRecord,ORDER_CATALOG_SYNONYM,IMAGE_CLASS,1,52,0.00538,0.01114,0.00826,0.01,579
MedicalRecord,ORDER_CATALOG_SYNONYM,LONG_TEXT,1,9,0.00298,0.00089,0.00194,0.01,580
MedicalRecord,ORDER_CATALOG_SYNONYM,MAMMO_FOLLOW_UP,1,28,0.00617,0.00697,0.00657,0.01,581
MedicalRecord,ORDER_CATALOG_SYNONYM,ORDER_DETAIL,2,13,0.00844,0.00166,0.00505,0.01,582
MedicalRecord,ORDER_CATALOG_SYNONYM,ORDER_PRODUCT,1,8,0.00578,0.00192,0.00385,0.01,583
MedicalRecord,ORDER_CATALOG_SYNONYM,PATHWAY_CATALOG,2,10,0.01143,0.00217,0.0068,0.01,584
MedicalRecord,PAT_ED_FAVORITES,PRSNL,2,16,0.0081,0.00023,0.00417,0.01,235
MedicalRecord,PERSON_COMBINE_DET,ORDERS,1,188,0.00226,0.01292,0.00759,0.01,249
MedicalRecord,PERSON_COMBINE_DET,PRSNL,1,291,0.00403,0.00425,0.00414,0.01,253
MedicalRecord,LONG_BLOB,PRSNL,1,13,0.00375,0.00019,0.00197,0.01,286
MedicalRecord,PHONE,CODE_VALUE,5,119,0.00853,0.0016,0.00507,0.01,297
MedicalRecord,PHONE,PRSNL,2,24,0.00587,0.00032,0.0031,0.01,303
MedicalRecord,PHONE,ORDERS,1,81,0.00187,0.00406,0.00297,0.01,306
MedicalRecord,PHONE,ORDER_CATALOG_SYNONYM,1,81,0.00389,0.00834,0.00612,0.01,307
MedicalRecord,PHONE,PERSON_PRSNL_RELTN,2,24,0.01527,0.00248,0.00888,0.01,309
MedicalRecord,PERSON,ORDERS,15,117,0.02098,0.00149,0.01124,0.01,317
MedicalRecord,PERSON,ORDER_ACTION,7,24,0.01367,0.00034,0.00701,0.01,318
MedicalRecord,PERSON,ORDER_CATALOG_SYNONYM,16,102,0.03678,0.00149,0.01914,0.01,319
MedicalRecord,PERSON,PRSNL,14,360,0.02682,0.00272,0.01477,0.01,328
MedicalRecord,PERSON,ENCNTR_PRSNL_RELTN,6,82,0.01734,0.00116,0.00925,0.01,340
MedicalRecord,PERSON,ORDER_CATALOG,6,15,0.01425,0.00022,0.00724,0.01,344
MedicalRecord,SCH_APPT,ENCNTR_PRSNL_RELTN,1,17,0.00855,0.00218,0.00537,0.01,723
MedicalRecord,TRACKING_LOCATOR,CODE_VALUE,1,1,0.00189,0.00001,0.00095,0.01,729
MedicalRecord,TRACKING_LOCATOR,PRSNL,1,1,0.00357,0.00001,0.00179,0.01,732
MedicalRecord,TRACKING_LOCATOR,ORDERS,1,1,0.00211,0.00007,0.00109,0.01,738
MedicalRecord,PRICE_SCHED,ORDERS,1,45,0.00218,0.00302,0.0026,0.01,740
MedicalRecord,ORDER_DETAIL,CODE_VALUE_EXTENSION,1,7,0.00309,0.00024,0.00167,0.01,745
MedicalRecord,ORDER_DETAIL,ORDERS,17,1019,0.03393,0.05977,0.04685,0.01,747
MedicalRecord,ORDER_DETAIL,ORDER_ACTION,19,379,0.06597,0.04191,0.05394,0.01,748
MedicalRecord,ORDER_DETAIL,ORDER_INGREDIENT,5,66,0.02941,0.01392,0.02167,0.01,750
MedicalRecord,ORDER_DETAIL,ORDER_CATALOG_SYNONYM,2,13,0.00844,0.00166,0.00505,0.01,757
MedicalRecord,ORDER_DETAIL,PRSNL,1,9,0.0031,0.00012,0.00161,0.01,770
MedicalRecord,ESI_LOG,CODE_VALUE,1,1,0.00195,0.00001,0.00098,0.01,789
MedicalRecord,ESI_LOG,PRSNL,1,1,0.00376,0.00001,0.00189,0.01,790
MedicalRecord,ESI_LOG,ORDERS,1,1,0.00217,0.00007,0.00112,0.01,796
MedicalRecord,ACCESSION,ORDERS,1,356,0.00223,0.02413,0.01318,0.01,813
MedicalRecord,MED_PRODUCT,FILL_PRINT_ORD_HX,1,21,0.05556,0.02689,0.04123,0.01,816
MedicalRecord,MED_PRODUCT,MANUFACTURER_ITEM,9,564,0.64286,0.76319,0.70303,0.01,817
MedicalRecord,MED_PRODUCT,MEDICATION_DEFINITION,3,66,0.09091,0.04574,0.06833,0.01,818
MedicalRecord,MED_PRODUCT,MED_COST_HX,3,213,0.1875,0.27626,0.23188,0.01,819
MedicalRecord,MED_PRODUCT,MED_DEF_FLEX,9,459,0.12329,0.13632,0.12981,0.01,820
MedicalRecord,MED_PRODUCT,MED_DISPENSE,3,91,0.11111,0.06657,0.08884,0.01,821
MedicalRecord,MED_PRODUCT,MED_FLEX_OBJECT_IDX,9,459,0.15254,0.16208,0.15731,0.01,822
MedicalRecord,MED_PRODUCT,MED_IDENTIFIER,7,339,0.23333,0.29402,0.26368,0.01,823
MedicalRecord,MED_PRODUCT,PACKAGE_TYPE,7,365,0.17949,0.2183,0.1989,0.01,824
MedicalRecord,NURSE_UNIT,CODE_VALUE,1,298,0.00201,0.00432,0.00317,0.01,830
MedicalRecord,MANUFACTURER_ITEM,MEDICATION_DEFINITION,1,32,0.03333,0.02458,0.02896,0.01,862
MedicalRecord,MANUFACTURER_ITEM,MED_COST_HX,3,213,0.27273,0.35738,0.31506,0.01,863
MedicalRecord,MANUFACTURER_ITEM,MED_DEF_FLEX,5,305,0.06944,0.09115,0.0803,0.01,864
MedicalRecord,MANUFACTURER_ITEM,MED_FLEX_OBJECT_IDX,5,305,0.08621,0.1085,0.09736,0.01,865
MedicalRecord,MANUFACTURER_ITEM,MED_IDENTIFIER,4,245,0.14286,0.22854,0.1857,0.01,866
MedicalRecord,MANUFACTURER_ITEM,MED_PRODUCT,9,564,0.64286,0.76319,0.70303,0.01,867
MedicalRecord,MANUFACTURER_ITEM,PACKAGE_TYPE,5,284,0.13889,0.17997,0.15943,0.01,868
MedicalRecord,PERSON_PERSON_RELTN,CODE_VALUE_EXTENSION,1,44,0.00379,0.00168,0.00274,0.01,871
MedicalRecord,ORDER_CATALOG_SYNONYM,RAD_INT_CASE,1,1,0.00617,0.00025,0.00321,0.01,585
MedicalRecord,ORDER_CATALOG_SYNONYM,RAD_REPORT_PRSNL,1,4,0.00524,0.00096,0.0031,0.01,586
MedicalRecord,ORDER_CATALOG_SYNONYM,ICLASS_PERSON_RELTN,1,52,0.00599,0.01228,0.00914,0.01,587
MedicalRecord,ORDER_CATALOG_SYNONYM,MED_IDENTIFIER,1,8,0.00543,0.00168,0.00356,0.01,588
MedicalRecord,ORDER_CATALOG_SYNONYM,SYNONYM_ITEM_R,1,3,0.00613,0.00075,0.00344,0.01,589
MedicalRecord,ORDER_CATALOG_SYNONYM,TEMPLATE_NONFORMULARY,1,8,0.00602,0.00194,0.00398,0.01,590
MedicalRecord,ORDERS,ACCESSION_ORDER_R,10,858,0.02188,0.05772,0.0398,0.01,591
MedicalRecord,ORDERS,COLLECTION_PRIORITY,3,1720,0.00671,0.11731,0.06201,0.01,592
MedicalRecord,ORDERS,ENCOUNTER,35,3761,0.0451,0.06285,0.05398,0.01,593
MedicalRecord,ORDERS,ORDER_ACTION,131,1596,0.24259,0.0873,0.16495,0.01,594
MedicalRecord,ORDERS,ORDER_CATALOG,67,806,0.13086,0.0514,0.09113,0.01,595
MedicalRecord,ORDERS,ORDER_CATALOG_SYNONYM,74,1606,0.13989,0.09632,0.11811,0.01,596
MedicalRecord,ORDERS,ORDER_DETAIL,13,181,0.02574,0.01012,0.01793,0.01,597
MedicalRecord,ORDERS,ORDER_DISPENSE,9,150,0.01978,0.01005,0.01492,0.01,598
MedicalRecord,ORDERS,ORDER_INGREDIENT,64,646,0.13474,0.0442,0.08947,0.01,599
MedicalRecord,ORDERS,ORDER_LABORATORY,3,1720,0.00679,0.12036,0.06358,0.01,600
MedicalRecord,ORDERS,ORDER_PRODUCT,3,23,0.00667,0.0016,0.00414,0.01,601
MedicalRecord,ORDERS,ORDER_RADIOLOGY,18,249,0.03377,0.01571,0.02474,0.01,602
MedicalRecord,ORDERS,ORDER_THERAP_SBSTTN,2,49,0.00451,0.00343,0.00397,0.01,603
MedicalRecord,ORDERS,PERSON,15,117,0.02098,0.00149,0.01124,0.01,604
MedicalRecord,ORDERS,PERSON_COMBINE,1,188,0.00225,0.00313,0.00269,0.01,605
MedicalRecord,ORDERS,PROC_CLASSIFICATION,2,13,0.0045,0.00091,0.00271,0.01,606
MedicalRecord,ORDERS,RAD_EXAM,7,134,0.01477,0.00915,0.01196,0.01,607
MedicalRecord,ORDERS,RAD_INIT_READ,4,33,0.00905,0.00231,0.00568,0.01,608
MedicalRecord,ORDERS,RAD_REPORT,3,12,0.00621,0.00081,0.00351,0.01,609
MedicalRecord,ORDERS,SERVICE_DIRECTORY,5,104,0.01116,0.00723,0.0092,0.01,610
MedicalRecord,ORDERS,TASK_ACTIVITY,8,423,0.01408,0.02721,0.02065,0.01,611
MedicalRecord,ORDERS,TEMPLATE_NONFORMULARY,1,8,0.00225,0.00056,0.00141,0.01,612
MedicalRecord,ORDERS,TRACKING_CHECKIN,1,1,0.00208,0.00007,0.00108,0.01,613
MedicalRecord,ORDERS,TRACK_EVENT,3,140,0.00654,0.0097,0.00812,0.01,614
MedicalRecord,ORDERS,UCM_CASE,5,139,0.01131,0.00973,0.01052,0.01,615
MedicalRecord,ORDERS,ORDER_IV_INFO,29,227,0.06388,0.01589,0.03989,0.01,616
MedicalRecord,ORDERS,ECO_QUEUE,2,14,0.0045,0.00098,0.00274,0.01,617
MedicalRecord,ORDERS,ENCNTR_ALIAS,3,11,0.00563,0.00054,0.00309,0.01,618
MedicalRecord,ORDERS,FILL_PRINT_ORD_HX,1,9,0.00225,0.00063,0.00144,0.01,619
MedicalRecord,ORDERS,OUTPUT_DEST,1,14,0.00217,0.00088,0.00153,0.01,620
MedicalRecord,ORDERS,PATHWAY,4,70,0.00871,0.00462,0.00667,0.01,621
MedicalRecord,ORDERS,PRSNL,8,972,0.01176,0.01192,0.01184,0.01,622
MedicalRecord,ORDERS,SCH_EVENT_ATTACH,3,138,0.00633,0.00925,0.00779,0.01,623
MedicalRecord,ORDERS,TRACKING_EVENT_ORD,3,140,0.0068,0.00982,0.00831,0.01,624
MedicalRecord,ORDERS,ORDER_PRODUCT_DOSE,1,3,0.00226,0.00021,0.00124,0.01,625
MedicalRecord,ORDERS,ACT_PW_COMP,5,87,0.01101,0.00598,0.0085,0.01,626
MedicalRecord,ORDERS,NETTING,1,1000,0.00218,0.06864,0.03541,0.01,627
MedicalRecord,ORDERS,ORDER_CONTAINER_R,1,60,0.00222,0.00412,0.00317,0.01,628
MedicalRecord,ORDERS,ORDER_NOTIFICATION,2,8,0.00451,0.00056,0.00254,0.01,629
MedicalRecord,ORDERS,PENDING_COLLECTION,2,683,0.00442,0.04552,0.02497,0.01,630
MedicalRecord,ORDERS,PHARMACY_NOTES,2,49,0.00447,0.00341,0.00394,0.01,631
MedicalRecord,ORDERS,RAD_RPT_LOCK,4,29,0.00891,0.00202,0.00547,0.01,632
MedicalRecord,ORDERS,CLINICAL_EVENT,1,1,0.00154,0.00002,0.00078,0.01,633
MedicalRecord,ORDERS,CODE_VALUE,3,226,0.00322,0.00273,0.00298,0.01,634
MedicalRecord,ORDERS,ENCNTR_LOC_HIST,2,8,0.00427,0.00051,0.00239,0.01,635
MedicalRecord,ORDERS,SCH_EVENT_ACTION,1,1,0.002,0.00006,0.00103,0.01,636
MedicalRecord,ORDERS,SHARED_LIST_GTTD,1,17,0.00194,0.0008,0.00137,0.01,637
MedicalRecord,ORDERS,SHARED_VALUE_GTTD,8,14,0.01802,0.00098,0.0095,0.01,638
MedicalRecord,ORDERS,TRACKING_EVENT,4,141,0.00857,0.0098,0.00919,0.01,639
MedicalRecord,ORDERS,TRACKING_ITEM,2,10,0.00385,0.00051,0.00218,0.01,640
MedicalRecord,ORDERS,UCM_CASE_STEP,1,60,0.00226,0.0042,0.00323,0.01,641
MedicalRecord,ORDERS,CODE_VALUE_EXTENSION,2,15,0.00291,0.00037,0.00164,0.01,642
MedicalRecord,ORDERS,DCP_FORMS_ACTIVITY_COMP,2,49,0.00442,0.00326,0.00384,0.01,643
MedicalRecord,ORDERS,MED_IDENTIFIER,1,8,0.00216,0.00053,0.00135,0.01,644
MedicalRecord,ORDERS,ORDER_COMMENT,2,49,0.00418,0.0033,0.00374,0.01,645
MedicalRecord,ORDERS,ORG_TYPE_RELTN,1,14,0.00222,0.00094,0.00158,0.01,646
MedicalRecord,ORDERS,PHONE,1,81,0.00187,0.00406,0.00297,0.01,647
MedicalRecord,ORDERS,TRACKING_LOCATOR,1,1,0.00211,0.00007,0.00109,0.01,648
MedicalRecord,ORDERS,CHARGE_EVENT,1,1,0.00213,0.00006,0.0011,0.01,649
MedicalRecord,ORDERS,DEVICE_XREF,1,14,0.00226,0.00098,0.00162,0.01,650
MedicalRecord,ORDERS,ORDER_TASK,1,9,0.00218,0.00059,0.00139,0.01,651
MedicalRecord,ORDERS,ORDER_INGREDIENT_DOSE,1,3,0.00224,0.00021,0.00123,0.01,652
MedicalRecord,ORDERS,PERSON_COMBINE_DET,1,188,0.00226,0.01292,0.00759,0.01,653
MedicalRecord,ORDERS,OE_FORMAT_FIELDS,1,3,0.00218,0.00021,0.0012,0.01,654
MedicalRecord,ORDERS,ORGANIZATION,1,14,0.00199,0.00081,0.0014,0.01,655
MedicalRecord,ORDERS,RAD_REPORT_PRSNL,1,4,0.00213,0.00028,0.00121,0.01,656
MedicalRecord,ORDERS,UCMR_CASE_TYPE,1,8,0.00227,0.00056,0.00142,0.01,657
MedicalRecord,ORDERS,ACCESSION,1,356,0.00223,0.02413,0.01318,0.01,658
MedicalRecord,ORDERS,ACTIVITY_DATA_RELTN,1,3,0.00209,0.0002,0.00115,0.01,659
MedicalRecord,ORDERS,CODE_VALUE_EVENT_R,1,9,0.00219,0.00061,0.0014,0.01,660
MedicalRecord,ORDERS,PRICE_SCHED,1,45,0.00218,0.00302,0.0026,0.01,661
MedicalRecord,TRACKING_PRV_RELN,PRSNL,3,36,0.01163,0.00053,0.00608,0.01,665
MedicalRecord,CS_COMPONENT,ORDER_CATALOG,1,4,0.00625,0.00163,0.00394,0.01,689
MedicalRecord,CS_COMPONENT,ORDER_CATALOG_SYNONYM,1,4,0.00543,0.00094,0.00319,0.01,690
MedicalRecord,ACCESSION_ORDER_R,CODE_VALUE_EXTENSION,1,16,0.00366,0.00059,0.00213,0.01,698
MedicalRecord,ACCESSION_ORDER_R,ORDERS,7,664,0.01522,0.04409,0.02966,0.01,700
MedicalRecord,ACCESSION_ORDER_R,ORDER_ACTION,1,28,0.00392,0.00397,0.00395,0.01,701
MedicalRecord,ACCESSION_ORDER_R,PRSNL,2,177,0.00738,0.00255,0.00497,0.01,705
MedicalRecord,SCH_APPT,PRSNL,2,21,0.00667,0.0003,0.00349,0.01,720
MedicalRecord,BLOB_REFERENCE,CODE_VALUE_EXTENSION,2,32,0.0069,0.00122,0.00406,0.01,1034
MedicalRecord,BLOB_REFERENCE,PRSNL,2,244,0.00692,0.00357,0.00525,0.01,1038
MedicalRecord,RAD_TECH_CMT_DATA,PRSNL,1,4,0.00377,0.00006,0.00192,0.01,1040
MedicalRecord,V500_EVENT_SET_CODE,CODE_VALUE,1,1124,0.00195,0.01621,0.00908,0.01,1049
MedicalRecord,V500_EVENT_SET_CODE,PRSNL,1,8,0.00379,0.00011,0.00195,0.01,1057
MedicalRecord,PAT_ED_SHORTCUT,PRSNL,2,16,0.00806,0.00023,0.00415,0.01,1073
MedicalRecord,DEVICE,CODE_VALUE,1,45,0.00196,0.00064,0.0013,0.01,1074
MedicalRecord,ORDER_CONTAINER_R,ORDERS,1,60,0.00222,0.00412,0.00317,0.01,1086
MedicalRecord,PACKAGE_TYPE,FILL_PRINT_ORD_HX,1,21,0.02778,0.01567,0.02173,0.01,1111
MedicalRecord,PACKAGE_TYPE,ITEM_LOCATION_COST,6,216,0.1875,0.16641,0.17696,0.01,1112
MedicalRecord,PACKAGE_TYPE,MANUFACTURER_ITEM,5,284,0.13889,0.17997,0.15943,0.01,1113
MedicalRecord,PACKAGE_TYPE,MED_COST_HX,3,213,0.08824,0.16015,0.1242,0.01,1114
MedicalRecord,PACKAGE_TYPE,MED_DEF_FLEX,5,333,0.05263,0.08218,0.06741,0.01,1115
MedicalRecord,PACKAGE_TYPE,MED_DISPENSE,1,60,0.02128,0.03066,0.02597,0.01,1116
MedicalRecord,PACKAGE_TYPE,MED_FLEX_OBJECT_IDX,5,333,0.06173,0.09468,0.07821,0.01,1117
MedicalRecord,PACKAGE_TYPE,MED_IDENTIFIER,3,213,0.05769,0.11589,0.08679,0.01,1118
MedicalRecord,PACKAGE_TYPE,MED_PRODUCT,7,365,0.17949,0.2183,0.1989,0.01,1119
MedicalRecord,PACKAGE_TYPE,QUANTITY_ON_HAND,2,140,0.0625,0.10786,0.08518,0.01,1120
MedicalRecord,PW_CAT_FLEX,ORDER_CATALOG,2,10,0.01399,0.00442,0.00921,0.01,1127
MedicalRecord,PW_CAT_FLEX,ORDER_CATALOG_SYNONYM,2,10,0.01198,0.00247,0.00723,0.01,1128
MedicalRecord,MATCH_TAG_PARMS,CODE_VALUE,1,132,0.00199,0.0019,0.00195,0.01,1137
MedicalRecord,CODE_CDF_EXT,CODE_VALUE,2,9,0.00402,0.00013,0.00208,0.01,1138
MedicalRecord,MED_IDENTIFIER,MANUFACTURER_ITEM,4,245,0.14286,0.22854,0.1857,0.01,1157
MedicalRecord,MED_IDENTIFIER,MEDICATION_DEFINITION,8,313,0.21622,0.25868,0.23745,0.01,1158
MedicalRecord,MED_IDENTIFIER,MED_COST_HX,3,213,0.12,0.27134,0.19567,0.01,1159
MedicalRecord,MED_IDENTIFIER,MED_DEF_FLEX,15,655,0.19737,0.20565,0.20151,0.01,1160
MedicalRecord,MED_IDENTIFIER,MED_DISPENSE,3,34,0.08333,0.02364,0.05349,0.01,1161
MedicalRecord,MED_IDENTIFIER,MED_FLEX_OBJECT_IDX,10,379,0.14925,0.12953,0.13939,0.01,1162
MedicalRecord,MED_IDENTIFIER,MED_OE_DEFAULTS,1,31,0.02439,0.01726,0.02083,0.01,1163
MedicalRecord,MED_IDENTIFIER,MED_PACKAGE_TYPE,4,216,0.14815,0.22594,0.18705,0.01,1164
MedicalRecord,MED_IDENTIFIER,MED_PRODUCT,7,339,0.23333,0.29402,0.26368,0.01,1165
MedicalRecord,MED_IDENTIFIER,ORDERS,1,8,0.00216,0.00053,0.00135,0.01,1166
MedicalRecord,MED_IDENTIFIER,ORDER_CATALOG,1,8,0.00625,0.00269,0.00447,0.01,1167
MedicalRecord,MED_IDENTIFIER,ORDER_CATALOG_SYNONYM,1,8,0.00543,0.00168,0.00356,0.01,1168
MedicalRecord,MED_IDENTIFIER,ORDER_INGREDIENT,1,8,0.00833,0.00458,0.00646,0.01,1169
MedicalRecord,MED_IDENTIFIER,ORDER_PRODUCT,1,8,0.02941,0.00878,0.0191,0.01,1170
MedicalRecord,MED_IDENTIFIER,PACKAGE_TYPE,3,213,0.05769,0.11589,0.08679,0.01,1171
MedicalRecord,MED_IDENTIFIER,TEMPLATE_NONFORMULARY,1,8,0.03704,0.00938,0.02321,0.01,1172
MedicalRecord,RAD_PROTOCOL_DEFINITION,PRSNL,1,4,0.00405,0.00006,0.00206,0.01,1178
MedicalRecord,REACTION,PRSNL,1,51,0.00375,0.00074,0.00225,0.01,1183
MedicalRecord,OE_FORMAT_FIELDS,ORDERS,1,3,0.00218,0.00021,0.0012,0.01,1191
MedicalRecord,OE_FORMAT_FIELDS,ORDER_ACTION,1,3,0.00405,0.00051,0.00228,0.01,1192
MedicalRecord,MED_PACKAGE_TYPE,MEDICATION_DEFINITION,6,242,0.25,0.25554,0.25277,0.01,1200
MedicalRecord,MED_PACKAGE_TYPE,MED_DEF_FLEX,7,385,0.10145,0.12336,0.11241,0.01,1201
MedicalRecord,MED_PACKAGE_TYPE,MED_IDENTIFIER,4,216,0.14815,0.22594,0.18705,0.01,1202
MedicalRecord,ORG_BARCODE_FORMAT,CODE_VALUE,1,3,0.00201,0.00004,0.00103,0.01,1203
MedicalRecord,ORDER_REVIEW,ORDER_ACTION,2,65,0.00847,0.01067,0.00957,0.01,1209
MedicalRecord,ORDER_REVIEW,PRSNL,1,45,0.00394,0.00065,0.0023,0.01,1210
MedicalRecord,ORDER_REVIEW,SHARED_LIST_GTTD,1,20,0.0122,0.00265,0.00743,0.01,1211
MedicalRecord,CREDENTIAL,CODE_VALUE,2,9,0.00398,0.00013,0.00206,0.01,1214
MedicalRecord,BILL_ONLY_PROC_RELTN,ORDER_CATALOG_SYNONYM,1,12,0.00617,0.00299,0.00458,0.01,1232
MedicalRecord,RAD_RPT_LOCK,ORDERS,4,29,0.00891,0.00202,0.00547,0.01,1234
MedicalRecord,RAD_RPT_LOCK,ORDER_ACTION,2,13,0.00833,0.00228,0.00531,0.01,1235
MedicalRecord,RAD_RPT_LOCK,ORDER_CATALOG_SYNONYM,4,29,0.02353,0.00711,0.01532,0.01,1236
MedicalRecord,PCT_CARE_TEAM,ENCNTR_PRSNL_RELTN,1,54,0.01563,0.00884,0.01224,0.01,1252
MedicalRecord,PRSNL_RELTN,ORGANIZATION,2,32,0.03175,0.01087,0.02131,0.01,903
MedicalRecord,PRSNL_RELTN,PRSNL_RELTN_ACTIVITY,1,4,0.1,0.01835,0.05918,0.01,904
MedicalRecord,RAD_PROCEDURE_GROUP,RAD_PROCEDURE_ASSOC,1,4,0.33333,0.21053,0.27193,0.01,909
MedicalRecord,PE_STATUS_REASON,CODE_VALUE_EXTENSION,1,432,0.00402,0.01663,0.01033,0.01,910
MedicalRecord,ORDER_INGREDIENT,ACT_PW_COMP,2,49,0.01754,0.03707,0.02731,0.01,923
MedicalRecord,ORDER_INGREDIENT,DISCRETE_TASK_ASSAY,1,9,0.00685,0.00346,0.00516,0.01,924
MedicalRecord,ORDER_INGREDIENT,LONG_TEXT,1,9,0.00368,0.00127,0.00248,0.01,925
MedicalRecord,ORDER_INGREDIENT,ORDERS,64,646,0.13474,0.0442,0.08947,0.01,926
MedicalRecord,ORDER_INGREDIENT,ORDER_ACTION,7,145,0.02181,0.0224,0.02211,0.01,927
MedicalRecord,ORDER_INGREDIENT,ORDER_CATALOG,56,482,0.31111,0.17572,0.24342,0.01,928
MedicalRecord,ORDER_INGREDIENT,ORDER_CATALOG_SYNONYM,55,364,0.26829,0.07821,0.17325,0.01,929
MedicalRecord,ORDER_INGREDIENT,ORDER_COMMENT,2,49,0.01471,0.03107,0.02289,0.01,930
MedicalRecord,ORDER_INGREDIENT,ORDER_PRODUCT,7,19,0.06796,0.01655,0.04226,0.01,931
MedicalRecord,ORDER_INGREDIENT,ORDER_INGREDIENT_DOSE,4,30,0.04,0.02988,0.03494,0.01,932
MedicalRecord,ORDER_INGREDIENT,ORDER_IV_INFO,26,191,0.22807,0.17951,0.20379,0.01,933
MedicalRecord,ORDER_INGREDIENT,ORDER_DETAIL,5,66,0.02941,0.01392,0.02167,0.01,934
MedicalRecord,ORDER_INGREDIENT,ORDER_DISPENSE,3,52,0.02542,0.0295,0.02746,0.01,935
MedicalRecord,ORDER_INGREDIENT,CODE_VALUE_EVENT_R,3,27,0.02703,0.01969,0.02336,0.01,936
MedicalRecord,ORDER_INGREDIENT,ENCOUNTER,3,99,0.00645,0.00197,0.00421,0.01,937
MedicalRecord,ORDER_INGREDIENT,ORDER_TASK_XREF,1,9,0.00971,0.00771,0.00871,0.01,938
MedicalRecord,ORDER_INGREDIENT,PHARMACY_NOTES,2,49,0.01923,0.04356,0.0314,0.01,939
MedicalRecord,ORDER_INGREDIENT,MED_IDENTIFIER,1,8,0.00833,0.00458,0.00646,0.01,940
MedicalRecord,ORGANIZATION,PRSNL_ORG_RELTN,1,4,0.0102,0.00046,0.00533,0.01,964
MedicalRecord,ORGANIZATION,PRSNL,3,91,0.0098,0.00128,0.00554,0.01,968
MedicalRecord,ORGANIZATION,ORDERS,1,14,0.00199,0.00081,0.0014,0.01,980
MedicalRecord,ORGANIZATION,CODE_VALUE,1,4,0.0018,0.00006,0.00093,0.01,983
MedicalRecord,ALT_SEL_LIST,ORDER_CATALOG,2,10,0.01379,0.00355,0.00867,0.01,1018
MedicalRecord,ALT_SEL_LIST,ORDER_CATALOG_ITEM_R,1,144,0.05882,0.12903,0.09393,0.01,1019
MedicalRecord,ALT_SEL_LIST,ORDER_CATALOG_SYNONYM,3,13,0.01786,0.00282,0.01034,0.01,1020
MedicalRecord,BLOB_REFERENCE,CODE_VALUE,39,40,0.078,0.00058,0.03929,0.01,1033
MedicalRecord,RAD_FILM_ADJUST,ORDER_CATALOG_SYNONYM,1,8,0.0061,0.00199,0.00405,0.01,1393
MedicalRecord,PROC_PRSNL_RELTN,PRSNL,1,854,0.00402,0.01248,0.00825,0.01,1398
MedicalRecord,UCM_CASE,ORDERS,2,68,0.00449,0.00474,0.00462,0.01,1402
MedicalRecord,COLLECTION_PRIORITY,CODE_VALUE,4,219,0.008,0.00309,0.00555,0.01,1408
MedicalRecord,COLLECTION_PRIORITY,ORDERS,3,1720,0.00671,0.11731,0.06201,0.01,1411
MedicalRecord,COLLECTION_PRIORITY,PRSNL,1,149,0.00392,0.00212,0.00302,0.01,1414
MedicalRecord,CHARGE_EVENT_ACT_PRSNL,PRSNL,4,878,0.01619,0.01286,0.01453,0.01,1417
MedicalRecord,RAD_PROTOCOL_ACT,PRSNL,1,4,0.00405,0.00006,0.00206,0.01,1422
MedicalRecord,FILM_EXAM,ORDER_CATALOG_SYNONYM,2,252,0.01235,0.06273,0.03754,0.01,1428
MedicalRecord,SIGN_LINE_FORMAT_DETAIL,CODE_VALUE,2,8,0.00403,0.00012,0.00208,0.01,1436
MedicalRecord,ORDER_COMMENT,ORDERS,2,49,0.00418,0.0033,0.00374,0.01,1451
MedicalRecord,ORDER_COMMENT,ORDER_CATALOG,2,49,0.01136,0.0175,0.01443,0.01,1452
MedicalRecord,ORDER_COMMENT,ORDER_INGREDIENT,2,49,0.01471,0.03107,0.02289,0.01,1454
MedicalRecord,NETTING,ORDERS,1,1000,0.00218,0.06864,0.03541,0.01,1462
MedicalRecord,DCP_SHIFT_ASSIGNMENT,PRSNL,1,3,0.00403,0.00004,0.00204,0.01,1468
MedicalRecord,ORDER_DISPENSE,ORDERS,9,150,0.01978,0.01005,0.01492,0.01,1472
MedicalRecord,ORDER_DISPENSE,ORDER_ACTION,5,11,0.02016,0.00171,0.01094,0.01,1473
MedicalRecord,ORDER_DISPENSE,ORDER_CATALOG,6,57,0.03871,0.01912,0.02892,0.01,1474
MedicalRecord,ORDER_DISPENSE,ORDER_CATALOG_SYNONYM,4,8,0.0221,0.00166,0.01188,0.01,1475
MedicalRecord,ORDER_DISPENSE,ORDER_INGREDIENT,3,52,0.02542,0.0295,0.02746,0.01,1478
MedicalRecord,PERSON_PRSNL_ACTIVITY,CODE_VALUE,2,2,0.00402,0.00003,0.00203,0.01,1489
MedicalRecord,PERSON_PRSNL_ACTIVITY,PRSNL,1,1,0.00398,0.00001,0.002,0.01,1490
MedicalRecord,PERSON_PRSNL_ACTIVITY,ORDERS,1,1,0.00225,0.00007,0.00116,0.01,1496
MedicalRecord,SCH_ENTRY,ENCNTR_PRSNL_RELTN,1,5,0.00962,0.00081,0.00522,0.01,1497
MedicalRecord,SCH_ENTRY,PRSNL,3,23,0.01049,0.00034,0.00542,0.01,1500
MedicalRecord,CHARGE_EVENT,CODE_VALUE,1,1,0.00191,0.00001,0.00096,0.01,1510
MedicalRecord,CHARGE_EVENT,PRSNL,3,203,0.01099,0.00285,0.00692,0.01,1514
MedicalRecord,CHARGE_EVENT,ORDERS,1,1,0.00213,0.00006,0.0011,0.01,1521
MedicalRecord,HM_EXPECT_MOD_HIST,PRSNL,1,524,0.00403,0.00768,0.00586,0.01,1538
MedicalRecord,HM_EXPECT_MOD,PRSNL,1,524,0.00405,0.00768,0.00587,0.01,1542
MedicalRecord,ALT_SEL_CAT,ORDER_CATALOG,2,10,0.01351,0.00355,0.00853,0.01,1547
MedicalRecord,ALT_SEL_CAT,ORDER_CATALOG_ITEM_R,1,144,0.05,0.1295,0.08975,0.01,1548
MedicalRecord,ALT_SEL_CAT,ORDER_CATALOG_SYNONYM,4,14,0.02353,0.00304,0.01329,0.01,1549
MedicalRecord,ALT_SEL_CAT,SCH_APPT_ORD,1,1,0.08333,0.00167,0.0425,0.01,1554
MedicalRecord,CLINICAL_EVENT,CODE_VALUE,2,2,0.00285,0.00002,0.00144,0.01,1560
MedicalRecord,FILL_CYCLE_BATCH,CODE_VALUE,2,15,0.00404,0.00022,0.00213,0.01,1254
MedicalRecord,ORDER_TASK_RESPONSE,ORDERS,1,9,0.00226,0.00063,0.00145,0.01,1255
MedicalRecord,FILM_USAGE,ORDER_CATALOG_SYNONYM,1,12,0.00617,0.00299,0.00458,0.01,1259
MedicalRecord,DEPT_ORD_STAT_SECURITY,CODE_VALUE_EXTENSION,1,1,0.00403,0.00004,0.00204,0.01,1268
MedicalRecord,DEPT_ORD_STAT_SECURITY,CODE_VALUE,1,1,0.00202,0.00001,0.00102,0.01,1269
MedicalRecord,ORG_BARCODE_ORG,CODE_VALUE,1,3,0.00202,0.00004,0.00103,0.01,1278
MedicalRecord,WORKING_VIEW_FREQ_INTERVAL,CODE_VALUE,1,64,0.00202,0.00093,0.00148,0.01,1292
MedicalRecord,PERSON_COMBINE,ORDERS,1,188,0.00225,0.00313,0.00269,0.01,1298
MedicalRecord,V500_EVENT_SET_EXPLODE,PRSNL,1,8,0.00361,0.00011,0.00186,0.01,1311
MedicalRecord,IMAGE_CLASS,ORDER_CATALOG_SYNONYM,1,52,0.00538,0.01114,0.00826,0.01,1320
MedicalRecord,PFT_ENCNTR,PE_STATUS_REASON,1,77,0.02857,0.01323,0.0209,0.01,1341
MedicalRecord,SCH_LOCK,PRSNL,1,15,0.00395,0.00022,0.00209,0.01,1348
MedicalRecord,SIGN_LINE_FORMAT,CODE_VALUE,2,8,0.00403,0.00012,0.00208,0.01,1357
MedicalRecord,PPR_CONSENT_POLICY,PRSNL,2,244,0.00794,0.00356,0.00575,0.01,1368
MedicalRecord,ORDER_PRODUCT_DOSE,ORDERS,1,3,0.00226,0.00021,0.00124,0.01,1371
MedicalRecord,ORDER_PRODUCT_DOSE,ORDER_ACTION,1,3,0.00433,0.00053,0.00243,0.01,1372
MedicalRecord,ORDER_PRODUCT_DOSE,ORDER_INGREDIENT,2,4,0.02041,0.004,0.01221,0.01,1375
MedicalRecord,SHARED_LIST_GTTD,ORDER_CATALOG_SYNONYM,1,12,0.00424,0.00109,0.00267,0.01,1702
MedicalRecord,SHARED_LIST_GTTD,ORDER_REVIEW,1,20,0.0122,0.00265,0.00743,0.01,1705
MedicalRecord,SCH_EVENT,ENCNTR_PRSNL_RELTN,2,22,0.01613,0.00296,0.00955,0.01,1726
MedicalRecord,SCH_EVENT,ORDER_CATALOG_SYNONYM,2,3,0.00897,0.00055,0.00476,0.01,1728
MedicalRecord,SCH_EVENT,PRSNL,4,29,0.01307,0.00042,0.00675,0.01,1731
MedicalRecord,SCH_SIMPLE_ASSOC,ORDER_CATALOG,4,272,0.02817,0.11961,0.07389,0.01,1747
MedicalRecord,WARNING_LABEL,MEDICATION_DEFINITION,4,219,0.15385,0.21944,0.18665,0.01,1754
MedicalRecord,WARNING_LABEL,MED_DEF_FLEX,4,228,0.05556,0.06897,0.06227,0.01,1755
MedicalRecord,WARNING_LABEL,MED_FLEX_OBJECT_IDX,4,228,0.06897,0.08228,0.07563,0.01,1756
MedicalRecord,WARNING_LABEL,WARNING_LABEL_XREF,4,219,0.5,0.48993,0.49497,0.01,1757
MedicalRecord,MED_FLEX_OBJECT_IDX,ITEM_DEFINITION,1,1,0.01818,0.00039,0.00929,0.01,1758
MedicalRecord,MED_FLEX_OBJECT_IDX,LONG_TEXT,4,216,0.01778,0.02561,0.0217,0.01,1759
MedicalRecord,MED_FLEX_OBJECT_IDX,MANUFACTURER_ITEM,1,60,0.01613,0.01963,0.01788,0.01,1760
MedicalRecord,MED_FLEX_OBJECT_IDX,MEDICATION_DEFINITION,4,37,0.05556,0.01126,0.03341,0.01,1761
MedicalRecord,MED_FLEX_OBJECT_IDX,MED_DEF_FLEX,16,721,0.15094,0.1466,0.14877,0.01,1762
MedicalRecord,MED_FLEX_OBJECT_IDX,MED_DISPENSE,4,35,0.06061,0.01082,0.03572,0.01,1763
MedicalRecord,MED_FLEX_OBJECT_IDX,MED_IDENTIFIER,4,43,0.05479,0.01318,0.03399,0.01,1764
MedicalRecord,MED_FLEX_OBJECT_IDX,MED_OE_DEFAULTS,4,216,0.05797,0.06334,0.06066,0.01,1765
MedicalRecord,MED_FLEX_OBJECT_IDX,MED_PRODUCT,3,94,0.04615,0.0294,0.03778,0.01,1766
MedicalRecord,MED_FLEX_OBJECT_IDX,PACKAGE_TYPE,1,60,0.01176,0.01583,0.0138,0.01,1767
MedicalRecord,MED_FLEX_OBJECT_IDX,ROUTE_FORM_R,1,1,0.01786,0.00039,0.00913,0.01,1768
MedicalRecord,MED_FLEX_OBJECT_IDX,SYNONYM_ITEM_R,1,1,0.01818,0.00039,0.00929,0.01,1769
MedicalRecord,MED_FLEX_OBJECT_IDX,WARNING_LABEL,3,222,0.05085,0.07994,0.0654,0.01,1770
MedicalRecord,ORD_RQSTN_ORD_R,CODE_VALUE_EXTENSION,1,16,0.0038,0.00061,0.00221,0.01,1772
MedicalRecord,PENDING_COLLECTION,ORDERS,2,759,0.00442,0.05084,0.02763,0.01,1777
MedicalRecord,MED_DEF_FLEX,CODE_VALUE,1,6,0.00178,0.00008,0.00093,0.01,1792
MedicalRecord,MED_DEF_FLEX,MEDICATION_DEFINITION,14,374,0.18421,0.10738,0.1458,0.01,1793
MedicalRecord,MED_DEF_FLEX,MED_DISPENSE,14,679,0.2,0.21714,0.20857,0.01,1794
MedicalRecord,MED_DEF_FLEX,MED_FLEX_OBJECT_IDX,50,2336,0.69444,0.70724,0.70084,0.01,1795
MedicalRecord,MED_DEF_FLEX,MED_IDENTIFIER,15,655,0.19737,0.20565,0.20151,0.01,1796
MedicalRecord,MED_DEF_FLEX,MED_OE_DEFAULTS,15,858,0.20833,0.25976,0.23405,0.01,1797
MedicalRecord,MED_DEF_FLEX,MED_PACKAGE_TYPE,7,385,0.10145,0.12336,0.11241,0.01,1798
MedicalRecord,MED_DEF_FLEX,ORDER_CATALOG_SYNONYM,11,553,0.05023,0.08441,0.06732,0.01,1799
MedicalRecord,MED_DEF_FLEX,SYNONYM_ITEM_R,1,1,0.01449,0.00032,0.00741,0.01,1800
MedicalRecord,MED_DEF_FLEX,MANUFACTURER_ITEM,5,305,0.06944,0.09115,0.0803,0.01,1801
MedicalRecord,MED_DEF_FLEX,MED_COST_HX,3,213,0.04286,0.06829,0.05558,0.01,1802
MedicalRecord,MED_DEF_FLEX,MED_PRODUCT,9,459,0.12329,0.13632,0.12981,0.01,1803
MedicalRecord,MED_DEF_FLEX,ORDER_CATALOG_ITEM_R,2,249,0.02667,0.07124,0.04896,0.01,1804
MedicalRecord,MED_DEF_FLEX,PACKAGE_TYPE,5,333,0.05263,0.08218,0.06741,0.01,1805
MedicalRecord,MED_DEF_FLEX,ROUTE_FORM_R,2,2,0.02899,0.00065,0.01482,0.01,1806
MedicalRecord,MED_DEF_FLEX,WARNING_LABEL,4,228,0.05556,0.06897,0.06227,0.01,1807
MedicalRecord,MED_DEF_FLEX,ITEM_DEFINITION,2,2,0.02941,0.00065,0.01503,0.01,1808
MedicalRecord,MED_DEF_FLEX,LONG_TEXT,2,26,0.0083,0.00284,0.00557,0.01,1809
MedicalRecord,MED_DEF_FLEX,RX_CURVE,1,6,0.01471,0.00194,0.00833,0.01,1810
MedicalRecord,MED_DEF_FLEX,MED_INGRED_SET,1,248,0.01389,0.07488,0.04439,0.01,1811
MedicalRecord,ORG_ALIAS_POOL_RELTN,CODE_VALUE,1,3,0.00194,0.00004,0.00099,0.01,1813
MedicalRecord,ORG_ALIAS_POOL_RELTN,CODE_VALUE_EXTENSION,1,3,0.00373,0.00011,0.00192,0.01,1814
MedicalRecord,ORG_ALIAS_POOL_RELTN,PRSNL_ORG_RELTN,1,4,0.01754,0.00052,0.00903,0.01,1819
MedicalRecord,PRSNL_ALIAS,CODE_VALUE,1,276,0.00183,0.00389,0.00286,0.01,1823
MedicalRecord,PRSNL_ALIAS,CODE_VALUE_EXTENSION,1,276,0.00334,0.00987,0.00661,0.01,1824
MedicalRecord,PRSNL_ALIAS,PRSNL,1,236,0.00336,0.00335,0.00336,0.01,1825
MedicalRecord,TRACK_GROUP,CODE_VALUE,1,20,0.00198,0.00029,0.00114,0.01,1845
MedicalRecord,ORDER_INGREDIENT,PATHWAY,2,49,0.01695,0.02545,0.0212,0.01,1855
MedicalRecord,ORDER_INGREDIENT,DCP_FORMS_ACTIVITY_COMP,2,49,0.01818,0.02778,0.02298,0.01,1856
MedicalRecord,ORDER_INGREDIENT,ORDER_THERAP_SBSTTN,2,49,0.02,0.04795,0.03398,0.01,1857
MedicalRecord,ORDER_INGREDIENT,TEMPLATE_NONFORMULARY,1,8,0.0098,0.00727,0.00854,0.01,1858
MedicalRecord,ORDER_INGREDIENT,ORDER_PRODUCT_DOSE,1,3,0.0101,0.00299,0.00655,0.01,1859
MedicalRecord,PATHWAY_CATALOG,ORDER_CATALOG,2,10,0.01325,0.00355,0.0084,0.01,1864
MedicalRecord,PATHWAY_CATALOG,ORDER_CATALOG_SYNONYM,2,10,0.01143,0.00217,0.0068,0.01,1865
MedicalRecord,DCP_FORMS_ACTIVITY,PRSNL,1,16,0.00386,0.00023,0.00205,0.01,1905
MedicalRecord,TASK_ACTIVITY_ASSIGNMENT,PRSNL,4,47,0.0137,0.00068,0.00719,0.01,1916
MedicalRecord,ORDER_PRODUCT,MEDICATION_DEFINITION,2,30,0.0625,0.03311,0.04781,0.01,1919
MedicalRecord,CLINICAL_EVENT,PRSNL,3,21,0.00664,0.0002,0.00342,0.01,1576
MedicalRecord,CLINICAL_EVENT,ORDERS,1,1,0.00154,0.00002,0.00078,0.01,1586
MedicalRecord,NOMENCLATURE,PRSNL,7,1161,0.02065,0.01564,0.01815,0.01,1596
MedicalRecord,NOMENCLATURE,CODE_VALUE,4,114,0.00678,0.0015,0.00414,0.01,1606
MedicalRecord,ORDER_CATALOG,DCP_ENTITY_RELTN,5,276,0.03497,0.10237,0.06867,0.01,1621
MedicalRecord,ORDER_CATALOG,OCS_FACILITY_R,3,13,0.02174,0.00585,0.0138,0.01,1622
MedicalRecord,ORDER_CATALOG,ORDERS,67,806,0.13086,0.0514,0.09113,0.01,1623
MedicalRecord,ORDER_CATALOG,ORDER_ACTION,8,89,0.02222,0.01148,0.01685,0.01,1624
MedicalRecord,ORDER_CATALOG,ORDER_CATALOG_ITEM_R,6,264,0.04255,0.10088,0.07172,0.01,1625
MedicalRecord,ORDER_CATALOG,ORDER_CATALOG_SYNONYM,68,731,0.2931,0.13267,0.21289,0.01,1626
MedicalRecord,ORDER_CATALOG,ORDER_INGREDIENT,56,482,0.31111,0.17572,0.24342,0.01,1627
MedicalRecord,ORDER_CATALOG,PERSON,6,15,0.01425,0.00022,0.00724,0.01,1628
MedicalRecord,ORDER_CATALOG,ORDER_IV_INFO,26,191,0.16883,0.08352,0.12618,0.01,1629
MedicalRecord,ORDER_CATALOG,ACT_PW_COMP,2,49,0.01299,0.01925,0.01612,0.01,1630
MedicalRecord,ORDER_CATALOG,CODE_VALUE_EVENT_R,1,50,0.00654,0.01945,0.013,0.01,1631
MedicalRecord,ORDER_CATALOG,DCP_FORMS_ACTIVITY_COMP,2,49,0.01333,0.0164,0.01487,0.01,1632
MedicalRecord,ORDER_CATALOG,ECO_QUEUE,1,7,0.00704,0.00311,0.00508,0.01,1633
MedicalRecord,ORDER_CATALOG,ENCOUNTER,10,118,0.02008,0.00229,0.01119,0.01,1634
MedicalRecord,ORDER_CATALOG,ORDER_PRODUCT,1,8,0.00671,0.00336,0.00504,0.01,1635
MedicalRecord,ORDER_CATALOG,ORDER_RADIOLOGY,5,19,0.02058,0.0047,0.01264,0.01,1636
MedicalRecord,ORDER_CATALOG,PHARMACY_NOTES,2,49,0.01389,0.02087,0.01738,0.01,1637
MedicalRecord,ORDER_CATALOG,SCH_SIMPLE_ASSOC,4,272,0.02817,0.11961,0.07389,0.01,1638
MedicalRecord,ORDER_CATALOG,TEMPLATE_NONFORMULARY,1,8,0.00704,0.00344,0.00524,0.01,1639
MedicalRecord,ORDER_CATALOG,CS_COMPONENT,1,4,0.00625,0.00163,0.00394,0.01,1640
MedicalRecord,ORDER_CATALOG,PATHWAY,2,49,0.01266,0.01557,0.01412,0.01,1641
MedicalRecord,ORDER_CATALOG,PATHWAY_CATALOG,2,10,0.01325,0.00355,0.0084,0.01,1642
MedicalRecord,ORDER_CATALOG,PROCEDURE_SPECIMEN_TYPE,1,8,0.0069,0.00309,0.005,0.01,1643
MedicalRecord,ORDER_CATALOG,PW_CAT_FLEX,2,10,0.01399,0.00442,0.00921,0.01,1644
MedicalRecord,ORDER_CATALOG,RAD_PROCEDURE_ASSOC,1,12,0.00714,0.00538,0.00626,0.01,1645
MedicalRecord,ORDER_CATALOG,REGIMEN_CATALOG,2,10,0.01449,0.0045,0.0095,0.01,1646
MedicalRecord,ORDER_CATALOG,ALT_SEL_CAT,2,10,0.01351,0.00355,0.00853,0.01,1647
MedicalRecord,ORDER_CATALOG,ALT_SEL_LIST,2,10,0.01379,0.00355,0.00867,0.01,1648
MedicalRecord,ORDER_CATALOG,CODE_VALUE,1,224,0.00158,0.00316,0.00237,0.01,1649
MedicalRecord,ORDER_CATALOG,ORDER_DISPENSE,6,57,0.03871,0.01912,0.02892,0.01,1650
MedicalRecord,ORDER_CATALOG,ORDER_NOTIFICATION,2,8,0.01429,0.00359,0.00894,0.01,1651
MedicalRecord,RAD_REPORT,ORDERS,3,12,0.00621,0.00081,0.00351,0.01,1659
MedicalRecord,RAD_REPORT,ORDER_CATALOG,1,4,0.00549,0.00143,0.00346,0.01,1660
MedicalRecord,RAD_REPORT,ORDER_CATALOG_SYNONYM,5,120,0.02475,0.02678,0.02577,0.01,1661
MedicalRecord,RAD_REPORT,PRSNL,2,8,0.0069,0.00012,0.00351,0.01,1666
MedicalRecord,SHARED_LIST_GTTD,MED_DEF_FLEX,1,3,0.00704,0.0003,0.00367,0.01,1676
MedicalRecord,SHARED_LIST_GTTD,ORDERS,4,53,0.00781,0.0025,0.00516,0.01,1677
MedicalRecord,SHARED_LIST_GTTD,MED_DISPENSE,1,3,0.01111,0.00039,0.00575,0.01,1687
MedicalRecord,SHARED_LIST_GTTD,ORDER_ACTION,4,2029,0.01329,0.19122,0.10226,0.01,1688
MedicalRecord,SHARED_LIST_GTTD,MED_FLEX_OBJECT_IDX,1,3,0.00781,0.00031,0.00406,0.01,1693
MedicalRecord,SHARED_LIST_GTTD,MED_IDENTIFIER,1,3,0.01031,0.00039,0.00535,0.01,1694
MedicalRecord,ACT_PW_COMP,ORDERS,5,87,0.01101,0.00598,0.0085,0.01,2059
MedicalRecord,ACT_PW_COMP,ORDER_CATALOG,2,49,0.01299,0.01925,0.01612,0.01,2060
MedicalRecord,ACT_PW_COMP,ORDER_INGREDIENT,2,49,0.01754,0.03707,0.02731,0.01,2063
MedicalRecord,PROBLEM_PRSNL_R,PRSNL,3,587,0.01215,0.0086,0.01038,0.01,2078
MedicalRecord,CE_EVENT_PRSNL,PRSNL,1,8,0.0038,0.00012,0.00196,0.01,2102
MedicalRecord,PERSON_NAME,CODE_VALUE,5,119,0.00773,0.00156,0.00465,0.01,2108
MedicalRecord,PERSON_NAME,PRSNL,11,995,0.02799,0.01329,0.02064,0.01,2114
MedicalRecord,MED_DISPENSE,ITEM_DEFINITION,2,2,0.125,0.00278,0.06389,0.01,2131
MedicalRecord,MED_DISPENSE,MEDICATION_DEFINITION,4,36,0.11765,0.02478,0.07122,0.01,2132
MedicalRecord,MED_DISPENSE,MED_DEF_FLEX,15,688,0.21739,0.22065,0.21902,0.01,2133
MedicalRecord,MED_DISPENSE,MED_FLEX_OBJECT_IDX,15,688,0.27273,0.26636,0.26955,0.01,2134
MedicalRecord,MED_DISPENSE,MED_IDENTIFIER,4,43,0.11429,0.03009,0.07219,0.01,2135
MedicalRecord,MED_DISPENSE,MED_INGRED_SET,1,248,0.05,0.26271,0.15636,0.01,2136
MedicalRecord,MED_DISPENSE,MED_OE_DEFAULTS,1,248,0.02941,0.16052,0.09497,0.01,2137
MedicalRecord,MED_DISPENSE,MED_PRODUCT,3,94,0.11111,0.06891,0.09001,0.01,2138
MedicalRecord,MED_DISPENSE,ORDER_CATALOG_ITEM_R,2,249,0.08696,0.22094,0.15395,0.01,2139
MedicalRecord,MED_DISPENSE,ORDER_CATALOG_SYNONYM,1,248,0.00565,0.05526,0.03046,0.01,2140
MedicalRecord,MED_DISPENSE,PACKAGE_TYPE,1,60,0.02128,0.03066,0.02597,0.01,2141
MedicalRecord,MED_DISPENSE,ROUTE_FORM_R,2,2,0.11765,0.00277,0.06021,0.01,2142
MedicalRecord,MED_DISPENSE,SYNONYM_ITEM_R,1,1,0.05882,0.00139,0.03011,0.01,2143
MedicalRecord,LOCATION_GROUP,CODE_VALUE,11,264,0.02095,0.00363,0.01229,0.01,2145
MedicalRecord,PERSON_PRSNL_RELTN,CODE_VALUE,1,5,0.00188,0.00007,0.00098,0.01,2152
MedicalRecord,PERSON_PRSNL_RELTN,CODE_VALUE_EXTENSION,6,1834,0.02151,0.06557,0.04354,0.01,2153
MedicalRecord,PERSON_PRSNL_RELTN,ENCNTR_PRSNL_RELTN,2,1711,0.02041,0.20744,0.11393,0.01,2154
MedicalRecord,PERSON_PRSNL_RELTN,ENCOUNTER,3,1727,0.00743,0.03352,0.02048,0.01,2155
MedicalRecord,PERSON_PRSNL_RELTN,PERSON,6,11,0.01875,0.00016,0.00946,0.01,2156
MedicalRecord,PERSON_PRSNL_RELTN,PHONE,2,24,0.01527,0.00248,0.00888,0.01,2157
MedicalRecord,PERSON_PRSNL_RELTN,PRSNL,10,160,0.0365,0.00222,0.01936,0.01,2158
MedicalRecord,PERSON_PRSNL_RELTN,PRSNL_ORG_RELTN,2,1711,0.02778,0.2159,0.12184,0.01,2159
MedicalRecord,PERSON_PRSNL_RELTN,PRSNL_RELTN_ACTIVITY,5,121,0.125,0.03047,0.07774,0.01,2160
MedicalRecord,ORDER_SUPPLY_REVIEW,ORDER_ACTION,1,3,0.00429,0.00053,0.00241,0.01,2170
MedicalRecord,ORDER_IV_INFO,ORDER_CATALOG,26,191,0.16883,0.08352,0.12618,0.01,2171
MedicalRecord,ORDER_IV_INFO,ORDER_CATALOG_SYNONYM,26,191,0.14607,0.04681,0.09644,0.01,2172
MedicalRecord,ORDER_IV_INFO,ORDER_INGREDIENT,26,191,0.22807,0.17951,0.20379,0.01,2173
MedicalRecord,ORDER_IV_INFO,ORDERS,30,230,0.06623,0.0161,0.04117,0.01,2174
MedicalRecord,ORDER_IV_INFO,TASK_ACTIVITY,2,18,0.01143,0.00925,0.01034,0.01,2175
MedicalRecord,MEDICATION_DEFINITION,ITEM_DEFINITION,2,2,0.09091,0.0026,0.04676,0.01,2176
MedicalRecord,MEDICATION_DEFINITION,MANUFACTURER_ITEM,1,32,0.03333,0.02458,0.02896,0.01,2177
MedicalRecord,MEDICATION_DEFINITION,MED_DEF_FLEX,12,341,0.15385,0.09699,0.12542,0.01,2178
MedicalRecord,MEDICATION_DEFINITION,MED_DISPENSE,4,33,0.11765,0.02266,0.07016,0.01,2179
MedicalRecord,MEDICATION_DEFINITION,MED_FLEX_OBJECT_IDX,7,101,0.10145,0.03136,0.06641,0.01,2180
MedicalRecord,MEDICATION_DEFINITION,MED_IDENTIFIER,8,313,0.21622,0.25868,0.23745,0.01,2181
MedicalRecord,MEDICATION_DEFINITION,MED_INGRED_SET,1,3,0.03846,0.00242,0.02044,0.01,2182
MedicalRecord,MEDICATION_DEFINITION,MED_OE_DEFAULTS,1,31,0.025,0.0171,0.02105,0.01,2183
MedicalRecord,MEDICATION_DEFINITION,MED_PACKAGE_TYPE,6,242,0.25,0.25554,0.25277,0.01,2184
MedicalRecord,MEDICATION_DEFINITION,MED_PRODUCT,3,66,0.09091,0.04574,0.06833,0.01,2185
MedicalRecord,MEDICATION_DEFINITION,ORDER_CATALOG_ITEM_R,1,1,0.03333,0.0007,0.01702,0.01,2186
MedicalRecord,MEDICATION_DEFINITION,ORDER_PRODUCT,2,30,0.0625,0.03311,0.04781,0.01,2187
MedicalRecord,MEDICATION_DEFINITION,ROUTE_FORM_R,2,2,0.08696,0.00259,0.04478,0.01,2188
MedicalRecord,MEDICATION_DEFINITION,SYNONYM_ITEM_R,1,1,0.04348,0.00129,0.02239,0.01,2189
MedicalRecord,MEDICATION_DEFINITION,WARNING_LABEL_XREF,4,219,0.18182,0.28442,0.23312,0.01,2190
MedicalRecord,TRACK_EVENT,ORDERS,3,140,0.00654,0.0097,0.00812,0.01,2193
MedicalRecord,TRACK_EVENT,PRSNL,1,16,0.00375,0.00023,0.00199,0.01,2194
MedicalRecord,PM_TRANSACTION,CODE_VALUE,1,1,0.00191,0.00001,0.00096,0.01,2203
MedicalRecord,PM_TRANSACTION,PRSNL,1,1,0.00364,0.00001,0.00183,0.01,2205
MedicalRecord,PM_TRANSACTION,ORDERS,1,1,0.00213,0.00006,0.0011,0.01,2213
MedicalRecord,RAD_REPORT_PRSNL,ORDERS,1,4,0.00213,0.00028,0.00121,0.01,2215
MedicalRecord,RAD_REPORT_PRSNL,ORDER_CATALOG_SYNONYM,1,4,0.00524,0.00096,0.0031,0.01,2216
MedicalRecord,RAD_REPORT_PRSNL,PRSNL,4,24,0.01465,0.00035,0.0075,0.01,2220
MedicalRecord,DISPENSE_CATEGORY,CODE_VALUE,3,138,0.00604,0.002,0.00402,0.01,2226
MedicalRecord,DISPENSE_CATEGORY,ORDERS,1,3,0.00225,0.00021,0.00123,0.01,2227
MedicalRecord,DISPENSE_CATEGORY,ORDER_ACTION,1,3,0.00427,0.00052,0.0024,0.01,2228
MedicalRecord,ORDER_PRODUCT,ORDERS,1,3,0.00221,0.00021,0.00121,0.01,1920
MedicalRecord,ORDER_PRODUCT,ORDER_ACTION,1,3,0.00415,0.00052,0.00234,0.01,1921
MedicalRecord,ORDER_PRODUCT,ORDER_INGREDIENT,6,11,0.05769,0.00952,0.03361,0.01,1924
MedicalRecord,TRACKING_ITEM,PRSNL,2,5,0.00615,0.00007,0.00311,0.01,1932
MedicalRecord,TRACKING_ITEM,ORDERS,2,10,0.00385,0.00051,0.00218,0.01,1934
MedicalRecord,TRACKING_ITEM,CODE_VALUE,1,1,0.00174,0.00001,0.00088,0.01,1942
MedicalRecord,PERSON_CODE_VALUE_R,CODE_VALUE,9,9765,0.01754,0.13779,0.07767,0.01,1972
MedicalRecord,RAD_INT_CASE_R,ORDER_CATALOG_SYNONYM,1,1,0.00617,0.00025,0.00321,0.01,1975
MedicalRecord,CMT_CONCEPT,CODE_VALUE,1,3,0.00201,0.00004,0.00103,0.01,1983
MedicalRecord,RAD_FOL_UP_FIELD,ORDER_CATALOG_SYNONYM,2,32,0.01227,0.00793,0.0101,0.01,1990
MedicalRecord,PATHWAY,ORDERS,4,70,0.00871,0.00462,0.00667,0.01,1997
MedicalRecord,PATHWAY,ORDER_CATALOG,2,49,0.01266,0.01557,0.01412,0.01,1998
MedicalRecord,PATHWAY,ORDER_INGREDIENT,2,49,0.01695,0.02545,0.0212,0.01,2001
MedicalRecord,DCP_FORMS_ACTIVITY_PRSNL,PRSNL,1,16,0.00398,0.00023,0.00211,0.01,2025
MedicalRecord,ORDER_THERAP_SBSTTN,ORDERS,2,49,0.00451,0.00343,0.00397,0.01,2041
MedicalRecord,ORDER_THERAP_SBSTTN,ORDER_ACTION,1,2,0.00429,0.00035,0.00232,0.01,2042
MedicalRecord,ORDER_THERAP_SBSTTN,ORDER_CATALOG,2,49,0.01429,0.02183,0.01806,0.01,2043
MedicalRecord,ORDER_THERAP_SBSTTN,ORDER_INGREDIENT,2,49,0.02,0.04795,0.03398,0.01,2046
MedicalRecord,DCP_CARE_TEAM_PRSNL,PRSNL,1,3,0.00403,0.00004,0.00204,0.01,2366
MedicalRecord,ORDER_INGREDIENT_DOSE,ORDERS,1,3,0.00224,0.00021,0.00123,0.01,2372
MedicalRecord,ORDER_INGREDIENT_DOSE,ORDER_ACTION,1,3,0.00426,0.00053,0.0024,0.01,2373
MedicalRecord,ORDER_INGREDIENT_DOSE,ORDER_CATALOG_SYNONYM,3,27,0.01818,0.00671,0.01245,0.01,2374
MedicalRecord,ORDER_INGREDIENT_DOSE,ORDER_INGREDIENT,5,31,0.05051,0.03091,0.04071,0.01,2377
MedicalRecord,RAD_PRIOR_PREFS,ORDER_CATALOG,1,4,0.00725,0.0018,0.00453,0.01,2392
MedicalRecord,RAD_FOLLOW_UP_RECALL,ORDER_CATALOG_SYNONYM,1,1,0.00617,0.00025,0.00321,0.01,2393
MedicalRecord,LONG_TEXT,MED_DEF_FLEX,2,26,0.0083,0.00284,0.00557,0.01,2424
MedicalRecord,LONG_TEXT,MED_FLEX_OBJECT_IDX,6,242,0.02691,0.02878,0.02785,0.01,2425
MedicalRecord,LONG_TEXT,ORDER_INGREDIENT,1,9,0.00368,0.00127,0.00248,0.01,2427
MedicalRecord,LONG_TEXT,CODE_VALUE_EXTENSION,6,40,0.01439,0.00125,0.00782,0.01,2434
MedicalRecord,LONG_TEXT,MED_OE_DEFAULTS,6,242,0.03191,0.03492,0.03342,0.01,2437
MedicalRecord,LONG_TEXT,PRSNL,3,535,0.00716,0.00725,0.00721,0.01,2448
MedicalRecord,ORDER_CATALOG,ORDER_THERAP_SBSTTN,2,49,0.01429,0.02183,0.01806,0.01,2458
MedicalRecord,ORDER_CATALOG,ORDER_SENTENCE,3,14,0.02113,0.00592,0.01353,0.01,2459
MedicalRecord,ORDER_CATALOG,RAD_REPORT_DETAIL,1,4,0.0069,0.00178,0.00434,0.01,2460
MedicalRecord,ORDER_CATALOG,SIGN_LINE_DTA_R,1,4,0.00714,0.00176,0.00445,0.01,2461
MedicalRecord,ORDER_CATALOG,ENCNTR_ALIAS,1,3,0.00431,0.00036,0.00234,0.01,2462
MedicalRecord,ORDER_CATALOG,IM_STUDY_PARENT_R,1,4,0.00645,0.00176,0.00411,0.01,2463
MedicalRecord,ORDER_CATALOG,ORDER_COMMENT,2,49,0.01136,0.0175,0.01443,0.01,2464
MedicalRecord,ORDER_CATALOG,RENEW_NOTIFICATION_PERIOD,1,2,0.00704,0.00086,0.00395,0.01,2465
MedicalRecord,ORDER_CATALOG,REGIMEN_CAT_SYNONYM,2,10,0.01449,0.0045,0.0095,0.01,2466
MedicalRecord,ORDER_CATALOG,MED_IDENTIFIER,1,8,0.00625,0.00269,0.00447,0.01,2467
MedicalRecord,ORDER_CATALOG,RAD_REPORT,1,4,0.00549,0.00143,0.00346,0.01,2468
MedicalRecord,ORDER_CATALOG,RAD_PRIOR_PREFS,1,4,0.00725,0.0018,0.00453,0.01,2469
MedicalRecord,ORDER_CATALOG,IM_STUDY,1,4,0.00637,0.00176,0.00407,0.01,2470
MedicalRecord,PRIV_LOC_RELTN,PRSNL,2,16,0.00758,0.00023,0.00391,0.01,2473
MedicalRecord,PERSON_ALIAS,CODE_VALUE,10,271,0.01724,0.00286,0.01005,0.01,2478
MedicalRecord,ENCNTR_INFO,CODE_VALUE_EXTENSION,3,8,0.01176,0.00031,0.00604,0.01,2496
MedicalRecord,ITEM_LOCATION_COST,PACKAGE_TYPE,6,216,0.1875,0.16641,0.17696,0.01,2498
MedicalRecord,ORDER_ENTRY_FIELDS,ORDER_ACTION,3,86,0.01167,0.01402,0.01285,0.01,2502
MedicalRecord,SCH_EVENT_PATIENT,ORDER_CATALOG_SYNONYM,2,3,0.01026,0.00056,0.00541,0.01,2518
MedicalRecord,TRACKING_CHECKIN,CODE_VALUE,1,1,0.00187,0.00001,0.00094,0.01,2523
MedicalRecord,TRACKING_CHECKIN,PRSNL,5,29,0.01773,0.00042,0.00908,0.01,2527
MedicalRecord,TRACKING_CHECKIN,ORDERS,1,1,0.00208,0.00007,0.00108,0.01,2536
MedicalRecord,TRACKING_EVENT_HISTORY,PRSNL,1,4,0.00405,0.00006,0.00206,0.01,2542
MedicalRecord,OUTPUT_DEST,ORDERS,1,14,0.00217,0.00088,0.00153,0.01,2558
MedicalRecord,CODE_VALUE_GROUP,CODE_VALUE,6,198,0.01156,0.00281,0.00719,0.01,2559
MedicalRecord,CODE_VALUE_GROUP,CODE_VALUE_EXTENSION,1,3,0.00361,0.00011,0.00186,0.01,2560
MedicalRecord,CODE_VALUE_GROUP,ENCNTR_PRSNL_RELTN,1,54,0.01087,0.0069,0.00889,0.01,2561
MedicalRecord,IM_STUDY,ORDER_CATALOG,1,4,0.00637,0.00176,0.00407,0.01,2569
MedicalRecord,DISPENSE_CATEGORY,ORDER_INGREDIENT,1,3,0.0098,0.00262,0.00621,0.01,2231
MedicalRecord,CONTAINER,PRSNL,1,235,0.00386,0.00341,0.00364,0.01,2243
MedicalRecord,ORDER_LABORATORY,ORDERS,3,1720,0.00679,0.12036,0.06358,0.01,2252
MedicalRecord,ORDER_LABORATORY,PRSNL,1,149,0.004,0.00213,0.00307,0.01,2254
MedicalRecord,PRSNL_GROUP,CODE_VALUE,3,1441,0.00596,0.02067,0.01332,0.01,2257
MedicalRecord,PRSNL_GROUP,PRSNL,4,60,0.01575,0.00085,0.0083,0.01,2260
MedicalRecord,CHARGE_EVENT_ACT,PRSNL,4,878,0.01575,0.01263,0.01419,0.01,2279
MedicalRecord,DOSE_CALCULATOR_UOM,CODE_VALUE,2,20,0.00403,0.00029,0.00216,0.01,2295
MedicalRecord,ORDER_SENTENCE,ORDER_CATALOG,3,14,0.02113,0.00592,0.01353,0.01,2307
MedicalRecord,ORDER_SENTENCE,ORDER_CATALOG_SYNONYM,3,14,0.01807,0.00337,0.01072,0.01,2308
MedicalRecord,RAD_PROCEDURE_ASSOC,ORDER_CATALOG,1,12,0.00714,0.00538,0.00626,0.01,2316
MedicalRecord,SCD_TERM_DATA,PRSNL,1,12,0.00392,0.00018,0.00205,0.01,2318
MedicalRecord,MED_COST_HX,MANUFACTURER_ITEM,3,213,0.27273,0.35738,0.31506,0.01,2323
MedicalRecord,MED_COST_HX,MED_DEF_FLEX,3,213,0.04286,0.06829,0.05558,0.01,2324
MedicalRecord,MED_COST_HX,MED_FLEX_OBJECT_IDX,3,213,0.05357,0.08243,0.068,0.01,2325
MedicalRecord,MED_COST_HX,MED_IDENTIFIER,3,213,0.12,0.27134,0.19567,0.01,2326
MedicalRecord,MED_COST_HX,MED_PRODUCT,3,213,0.1875,0.27626,0.23188,0.01,2327
MedicalRecord,MED_COST_HX,PACKAGE_TYPE,3,213,0.08824,0.16015,0.1242,0.01,2328
MedicalRecord,ORDER_NOTIFICATION,ENCOUNTER,1,4,0.00268,0.00008,0.00138,0.01,2329
MedicalRecord,ORDER_NOTIFICATION,ORDERS,2,8,0.00451,0.00056,0.00254,0.01,2330
MedicalRecord,ORDER_NOTIFICATION,ORDER_ACTION,1,4,0.00429,0.00071,0.0025,0.01,2331
MedicalRecord,ORDER_NOTIFICATION,ORDER_CATALOG,2,8,0.01429,0.00359,0.00894,0.01,2332
MedicalRecord,CLINICAL_SERVICE_RELTN,PRSNL,2,12,0.00803,0.00018,0.00411,0.01,2335
MedicalRecord,CLINICAL_SERVICE_RELTN,PRSNL_ORG_RELTN,2,62,0.05128,0.01071,0.031,0.01,2336
MedicalRecord,UCM_CASE_STEP,ORDERS,1,60,0.00226,0.0042,0.00323,0.01,2338
MedicalRecord,ITEM_DEFINITION,MEDICATION_DEFINITION,2,2,0.09091,0.0026,0.04676,0.01,2342
MedicalRecord,ITEM_DEFINITION,MED_DEF_FLEX,2,2,0.02941,0.00065,0.01503,0.01,2343
MedicalRecord,ITEM_DEFINITION,MED_DISPENSE,2,2,0.125,0.00278,0.06389,0.01,2344
MedicalRecord,ITEM_DEFINITION,MED_FLEX_OBJECT_IDX,2,2,0.03704,0.00078,0.01891,0.01,2345
MedicalRecord,ITEM_DEFINITION,ORDER_CATALOG_ITEM_R,1,1,0.1,0.00152,0.05076,0.01,2346
MedicalRecord,TRACKING_EVT_CMT,PRSNL,1,16,0.00405,0.00023,0.00214,0.01,2349
MedicalRecord,MAMMO_FOLLOW_UP,ORDER_CATALOG_SYNONYM,1,28,0.00617,0.00697,0.00657,0.01,2360
MedicalRecord,PW_CAT_SYNONYM,ORDER_CATALOG,2,10,0.01408,0.00446,0.00927,0.01,2720
MedicalRecord,PW_CAT_SYNONYM,ORDER_CATALOG_SYNONYM,2,10,0.01205,0.00248,0.00727,0.01,2721
MedicalRecord,CODE_VALUE_EVENT_R,ORDERS,1,9,0.00219,0.00061,0.0014,0.01,2731
MedicalRecord,CODE_VALUE_EVENT_R,ORDER_ACTION,1,9,0.00408,0.0015,0.00279,0.01,2732
MedicalRecord,CODE_VALUE_EVENT_R,ORDER_CATALOG,1,50,0.00654,0.01945,0.013,0.01,2733
MedicalRecord,CODE_VALUE_EVENT_R,ORDER_CATALOG_SYNONYM,5,80,0.0289,0.01846,0.02368,0.01,2734
MedicalRecord,CODE_VALUE_EVENT_R,ORDER_INGREDIENT,5,101,0.04587,0.07787,0.06187,0.01,2735
MedicalRecord,CODE_VALUE_ALIAS,CODE_VALUE,4,1827,0.00803,0.02651,0.01727,0.01,2738
MedicalRecord,TASK_DISCRETE_R,ORDER_INGREDIENT,1,9,0.00971,0.00858,0.00915,0.01,2747
MedicalRecord,SCH_APPT_ORD,ORDER_CATALOG_SYNONYM,1,1,0.00617,0.00025,0.00321,0.01,2766
MedicalRecord,CODE_VALUE_SET,CODE_VALUE,2,805,0.00404,0.01168,0.00786,0.01,2767
MedicalRecord,ORDER_ACTION,ENCOUNTER,8,28,0.01351,0.00051,0.00701,0.01,2781
MedicalRecord,ORDER_ACTION,ORDERS,132,1615,0.2449,0.08843,0.16667,0.01,2782
MedicalRecord,ORDER_ACTION,ORDER_CATALOG,8,89,0.02222,0.01148,0.01685,0.01,2783
MedicalRecord,ORDER_ACTION,ORDER_DETAIL,19,379,0.06597,0.04191,0.05394,0.01,2784
MedicalRecord,ORDER_ACTION,ORDER_INGREDIENT,7,145,0.02181,0.0224,0.02211,0.01,2785
MedicalRecord,ORDER_ACTION,ORDER_NOTIFICATION,1,4,0.00429,0.00071,0.0025,0.01,2786
MedicalRecord,ORDER_ACTION,PRSNL,13,836,0.02802,0.01145,0.01974,0.01,2787
MedicalRecord,ORDER_ACTION,RAD_EXAM,2,13,0.00746,0.00212,0.00479,0.01,2788
MedicalRecord,ORDER_ACTION,SHARED_VALUE_GTTD,5,9,0.02119,0.00159,0.01139,0.01,2789
MedicalRecord,ORDER_ACTION,ORDER_CATALOG_SYNONYM,7,24,0.01818,0.0025,0.01034,0.01,2790
MedicalRecord,ORDER_ACTION,PERSON,7,24,0.01367,0.00034,0.00701,0.01,2791
MedicalRecord,ORDER_ACTION,EXPEDITE_COPY,1,4,0.00429,0.00071,0.0025,0.01,2792
MedicalRecord,ORDER_ACTION,ORDER_DISPENSE,5,11,0.02016,0.00171,0.01094,0.01,2793
MedicalRecord,ORDER_ACTION,ORDER_PRODUCT,1,3,0.00415,0.00052,0.00234,0.01,2794
MedicalRecord,ORDER_ACTION,ORDER_RADIOLOGY,4,96,0.0119,0.01305,0.01248,0.01,2795
MedicalRecord,ORDER_ACTION,ORDER_REVIEW,2,65,0.00847,0.01067,0.00957,0.01,2796
MedicalRecord,ORDER_ACTION,RAD_RPT_LOCK,2,13,0.00833,0.00228,0.00531,0.01,2797
MedicalRecord,ORDER_ACTION,ENCNTR_LOC_HIST,2,2,0.00778,0.00028,0.00403,0.01,2798
MedicalRecord,ORDER_ACTION,CODE_VALUE_EXTENSION,2,15,0.0042,0.00048,0.00234,0.01,2799
MedicalRecord,ORDER_ACTION,PROC_CLASSIFICATION,2,13,0.00858,0.00231,0.00545,0.01,2800
MedicalRecord,ORDER_ACTION,SCH_EVENT_ATTACH,1,7,0.00377,0.00109,0.00243,0.01,2801
MedicalRecord,ORDER_ACTION,ORDER_SUPPLY_REVIEW,1,3,0.00429,0.00053,0.00241,0.01,2802
MedicalRecord,ORDER_ACTION,RAD_INIT_READ,2,13,0.00858,0.0023,0.00544,0.01,2803
MedicalRecord,ORDER_ACTION,ACCESSION_ORDER_R,1,28,0.00392,0.00397,0.00395,0.01,2804
MedicalRecord,ORDER_ACTION,ORDER_ENTRY_FIELDS,3,86,0.01167,0.01402,0.01285,0.01,2805
MedicalRecord,ORDER_ACTION,SHARED_LIST_GTTD,1,20,0.00329,0.00158,0.00244,0.01,2806
MedicalRecord,ORDER_ACTION,CODE_VALUE_EVENT_R,1,9,0.00408,0.0015,0.00279,0.01,2807
MedicalRecord,ORDER_ACTION,ENCNTR_ALIAS,1,3,0.00309,0.00026,0.00168,0.01,2808
MedicalRecord,ORDER_ACTION,OE_FORMAT_FIELDS,1,3,0.00405,0.00051,0.00228,0.01,2809
MedicalRecord,ORDER_ACTION,ORDER_INGREDIENT_DOSE,1,3,0.00426,0.00053,0.0024,0.01,2810
MedicalRecord,ORDER_ACTION,ORDER_PRODUCT_DOSE,1,3,0.00433,0.00053,0.00243,0.01,2811
MedicalRecord,DIAGNOSIS,PRSNL,3,523,0.01124,0.00755,0.0094,0.01,2823
MedicalRecord,ORDER_RADIOLOGY,ORDERS,18,249,0.03377,0.01571,0.02474,0.01,2827
MedicalRecord,ORDER_RADIOLOGY,ORDER_CATALOG_SYNONYM,17,274,0.06667,0.04913,0.0579,0.01,2828
MedicalRecord,ORDER_RADIOLOGY,ORDER_ACTION,3,16,0.0089,0.00215,0.00553,0.01,2851
MedicalRecord,ORDER_RADIOLOGY,ORDER_CATALOG,5,19,0.02058,0.0047,0.01264,0.01,2859
MedicalRecord,ORDER_RADIOLOGY,CODE_VALUE,2,2,0.00332,0.00003,0.00168,0.01,2862
MedicalRecord,ORDER_RADIOLOGY,PRSNL,1,4,0.00281,0.00006,0.00144,0.01,2866
MedicalRecord,RX_CURVE,CODE_VALUE,1,6,0.00202,0.00009,0.00106,0.01,2887
MedicalRecord,RX_CURVE,MED_DEF_FLEX,1,6,0.01471,0.00194,0.00833,0.01,2888
MedicalRecord,RX_CURVE,MED_FLEX_OBJECT_IDX,1,6,0.01852,0.00235,0.01044,0.01,2889
MedicalRecord,PPR_CONSENT_STATUS,PRSNL,2,244,0.008,0.00357,0.00579,0.01,2590
MedicalRecord,QUANTITY_ON_HAND,PACKAGE_TYPE,2,140,0.0625,0.10786,0.08518,0.01,2596
MedicalRecord,TRACKABLE_OBJECT,ORDER_CATALOG_SYNONYM,1,52,0.00565,0.01231,0.00898,0.01,2622
MedicalRecord,MAMMO_STUDY,ORDER_CATALOG_SYNONYM,2,32,0.01205,0.00793,0.00999,0.01,2664
MedicalRecord,TASK_RELTN,ORDERS,1,3,0.00226,0.00021,0.00124,0.01,2677
MedicalRecord,PM_WAIT_LIST_STATUS,PRSNL,1,3,0.00402,0.00004,0.00203,0.01,2681
MedicalRecord,SIGN_LINE_DTA_R,ORDER_CATALOG,1,4,0.00714,0.00176,0.00445,0.01,2690
MedicalRecord,SCH_EVENT_ALIAS,ENCNTR_PRSNL_RELTN,1,5,0.01429,0.0008,0.00755,0.01,2700
MedicalRecord,SCH_EVENT_ALIAS,PRSNL,1,5,0.00394,0.00007,0.00201,0.01,2703
MedicalRecord,ENCOUNTER,ORDER_NOTIFICATION,1,4,0.00268,0.00008,0.00138,0.01,3031
MedicalRecord,ENCOUNTER,CODE_VALUE_EXTENSION,4,1757,0.00651,0.02391,0.01521,0.01,3039
MedicalRecord,CMT_CONCEPT_EXTENSION,CODE_VALUE,1,3,0.00202,0.00004,0.00103,0.01,3069
MedicalRecord,RAD_INT_CASE,ORDER_CATALOG_SYNONYM,1,1,0.00617,0.00025,0.00321,0.01,3074
MedicalRecord,PRSNL,ALLERGY_COMMENT,4,43,0.01569,0.00063,0.00816,0.01,3078
MedicalRecord,PRSNL,CHARGE_EVENT,3,203,0.01099,0.00285,0.00692,0.01,3079
MedicalRecord,PRSNL,CHARGE_EVENT_ACT,4,878,0.01575,0.01263,0.01419,0.01,3080
MedicalRecord,PRSNL,CHARGE_EVENT_ACT_PRSNL,4,878,0.01619,0.01286,0.01453,0.01,3081
MedicalRecord,PRSNL,CLINICAL_EVENT,3,21,0.00664,0.0002,0.00342,0.01,3082
MedicalRecord,PRSNL,CODE_VALUE,8,18247,0.0109,0.15346,0.08218,0.01,3083
MedicalRecord,PRSNL,DCP_FORMS_ACTIVITY,1,16,0.00386,0.00023,0.00205,0.01,3084
MedicalRecord,PRSNL,ENCOUNTER,11,655,0.01815,0.0056,0.01188,0.01,3085
MedicalRecord,PRSNL,LONG_TEXT,3,535,0.00716,0.00725,0.00721,0.01,3086
MedicalRecord,PRSNL,NOMENCLATURE,7,1161,0.02065,0.01564,0.01815,0.01,3087
MedicalRecord,PRSNL,ORDER_ACTION,12,824,0.02581,0.01128,0.01855,0.01,3088
MedicalRecord,PRSNL,ORDER_DETAIL,1,9,0.0031,0.00012,0.00161,0.01,3089
MedicalRecord,PRSNL,ORDER_REVIEW,1,45,0.00394,0.00065,0.0023,0.01,3090
MedicalRecord,PRSNL,PAT_ED_FAVORITES,2,16,0.0081,0.00023,0.00417,0.01,3091
MedicalRecord,PRSNL,PAT_ED_SHORTCUT,2,16,0.00806,0.00023,0.00415,0.01,3092
MedicalRecord,PRSNL,PERSON,14,360,0.02682,0.00272,0.01477,0.01,3093
MedicalRecord,PRSNL,PERSON_NAME,11,995,0.02799,0.01329,0.02064,0.01,3094
MedicalRecord,PRSNL,PERSON_PRSNL_RELTN,10,160,0.0365,0.00222,0.01936,0.01,3095
MedicalRecord,PRSNL,PM_WAIT_LIST_STATUS,1,3,0.00402,0.00004,0.00203,0.01,3096
MedicalRecord,PRSNL,PRIVILEGE,2,16,0.00738,0.00023,0.00381,0.01,3097
MedicalRecord,PRSNL,PROBLEM_PRSNL_R,3,587,0.01215,0.0086,0.01038,0.01,3098
MedicalRecord,PRSNL,PRSNL_GROUP,4,60,0.01575,0.00085,0.0083,0.01,3099
MedicalRecord,PRSNL,PRSNL_GROUP_RELTN,3,35,0.01167,0.00049,0.00608,0.01,3100
MedicalRecord,PRSNL,RAD_REPORT,2,8,0.0069,0.00012,0.00351,0.01,3101
MedicalRecord,PRSNL,RAD_REPORT_PRSNL,4,24,0.01465,0.00035,0.0075,0.01,3102
MedicalRecord,PRSNL,REACTION,1,51,0.00375,0.00074,0.00225,0.01,3103
MedicalRecord,PRSNL,TASK_ACTIVITY,7,422,0.01867,0.00607,0.01237,0.01,3104
MedicalRecord,PRSNL,TRACKING_PRV_RELN,3,36,0.01163,0.00053,0.00608,0.01,3105
MedicalRecord,PRSNL,TRACK_REFERENCE,4,44,0.01544,0.00064,0.00804,0.01,3106
MedicalRecord,PRSNL,ENCNTR_PRSNL_RELTN,21,1268,0.07266,0.01736,0.04501,0.01,3107
MedicalRecord,PRSNL,BLOB_REFERENCE,2,244,0.00692,0.00357,0.00525,0.01,3108
MedicalRecord,PRSNL,DCP_CARE_TEAM_PRSNL,1,3,0.00403,0.00004,0.00204,0.01,3109
MedicalRecord,PRSNL,DCP_FORMS_ACTIVITY_PRSNL,1,16,0.00398,0.00023,0.00211,0.01,3110
MedicalRecord,PRSNL,ORDERS,8,972,0.01176,0.01192,0.01184,0.01,3111
MedicalRecord,PRSNL,ORGANIZATION,3,91,0.0098,0.00128,0.00554,0.01,3112
MedicalRecord,PRSNL,PAT_ED_DOC_ACTIVITY,1,13,0.00402,0.00019,0.00211,0.01,3113
MedicalRecord,PRSNL,PAT_ED_RELTN,3,29,0.01181,0.00042,0.00612,0.01,3114
MedicalRecord,PRSNL,PERSON_COMBINE_DET,1,291,0.00403,0.00425,0.00414,0.01,3115
MedicalRecord,PRSNL,RES_SIGN_ACT_SUBTYPE,1,12,0.00405,0.00018,0.00212,0.01,3116
MedicalRecord,PRSNL,SCD_TERM_DATA,1,12,0.00392,0.00018,0.00205,0.01,3117
MedicalRecord,PRSNL,SCH_APPT,2,21,0.00667,0.0003,0.00349,0.01,3118
MedicalRecord,PRSNL,SCH_EVENT,4,29,0.01307,0.00042,0.00675,0.01,3119
MedicalRecord,PRSNL,SCH_EVENT_ACTION,5,28,0.01656,0.0004,0.00848,0.01,3120
MedicalRecord,PRSNL,TRACKING_CHECKIN,4,25,0.01413,0.00036,0.00725,0.01,3121
MedicalRecord,PRSNL,TRACKING_PRSNL,6,82,0.02299,0.0012,0.0121,0.01,3122
MedicalRecord,PRSNL,V500_EVENT_SET_CODE,1,8,0.00379,0.00011,0.00195,0.01,3123
MedicalRecord,PRSNL,TRACKING_EVENT,2,17,0.00727,0.00025,0.00376,0.01,3124
MedicalRecord,PRSNL,ALLERGY,5,94,0.01754,0.00134,0.00944,0.01,3125
MedicalRecord,PRSNL,COLLECTION_PRIORITY,1,149,0.00392,0.00212,0.00302,0.01,3126
MedicalRecord,PRSNL,DCP_SHIFT_ASSIGNMENT,1,3,0.00403,0.00004,0.00204,0.01,3127
MedicalRecord,PRSNL,DIAGNOSIS,3,523,0.01124,0.00755,0.0094,0.01,3128
MedicalRecord,PRSNL,ENCNTR_ALIAS,1,4,0.00293,0.00005,0.00149,0.01,3129
MedicalRecord,PRSNL,PROBLEM,3,587,0.01181,0.00852,0.01017,0.01,3130
MedicalRecord,PRSNL,PRSNL_ORG_RELTN,2,9,0.00709,0.00012,0.00361,0.01,3131
MedicalRecord,PRSNL,SCH_ENTRY,3,23,0.01049,0.00034,0.00542,0.01,3132
MedicalRecord,PRSNL,SCH_EVENT_ALIAS,1,5,0.00394,0.00007,0.00201,0.01,3133
MedicalRecord,PRSNL,TRACKING_ITEM,2,5,0.00615,0.00007,0.00311,0.01,3134
MedicalRecord,PRSNL,TRACK_EVENT,1,16,0.00375,0.00023,0.00199,0.01,3135
MedicalRecord,PRSNL,ACCESSION_ORDER_R,2,177,0.00738,0.00255,0.00497,0.01,3136
MedicalRecord,PRSNL,LONG_BLOB,1,13,0.00375,0.00019,0.00197,0.01,3137
MedicalRecord,PRSNL,PHONE,2,24,0.00587,0.00032,0.0031,0.01,3138
MedicalRecord,PRSNL,PROBLEM_COMMENT,1,4,0.00405,0.00006,0.00206,0.01,3139
MedicalRecord,PRSNL,SCH_LOCK,1,15,0.00395,0.00022,0.00209,0.01,3140
MedicalRecord,PRSNL,CE_EVENT_ACTION,2,28,0.00772,0.00041,0.00407,0.01,3141
MedicalRecord,PRSNL,CE_EVENT_PRSNL,1,8,0.0038,0.00012,0.00196,0.01,3142
MedicalRecord,PRSNL,CE_MED_RESULT,1,12,0.00398,0.00018,0.00208,0.01,3143
MedicalRecord,PRSNL,EXPEDITE_COPY,2,8,0.00803,0.00012,0.00408,0.01,3144
MedicalRecord,PRSNL,HM_EXPECT_MOD,1,524,0.00405,0.00768,0.00587,0.01,3145
MedicalRecord,PRSNL,PPR_CONSENT_POLICY,2,244,0.00794,0.00356,0.00575,0.01,3146
MedicalRecord,PRSNL,PROXY_GROUP,1,4,0.00405,0.00006,0.00206,0.01,3147
MedicalRecord,PRSNL,RAD_TECH_CMT_DATA,1,4,0.00377,0.00006,0.00192,0.01,3148
MedicalRecord,PRSNL,SCH_LOCATION,1,4,0.00389,0.00006,0.00198,0.01,3149
MedicalRecord,PRSNL,TRACKING_LOCATOR,1,1,0.00357,0.00001,0.00179,0.01,3150
MedicalRecord,PRSNL,TRACKING_PRSNL_REF,1,2,0.00402,0.00003,0.00203,0.01,3151
MedicalRecord,PRSNL,V500_EVENT_SET_EXPLODE,3,36,0.01091,0.00049,0.0057,0.01,3152
MedicalRecord,PRSNL,CONTAINER,1,235,0.00386,0.00341,0.00364,0.01,3153
MedicalRecord,PRSNL,LOGICAL_DOMAIN,1,12,0.00392,0.00015,0.00204,0.01,3154
MedicalRecord,PRSNL,ORDER_LABORATORY,1,149,0.004,0.00213,0.00307,0.01,3155
MedicalRecord,PRSNL,PRIV_LOC_RELTN,2,16,0.00758,0.00023,0.00391,0.01,3156
MedicalRecord,PRSNL,PROC_PRSNL_RELTN,1,854,0.00402,0.01248,0.00825,0.01,3157
MedicalRecord,PRSNL,RAD_PROTOCOL_ACT,1,4,0.00405,0.00006,0.00206,0.01,3158
MedicalRecord,PRSNL,RAD_RES_INFO,1,4,0.00397,0.00006,0.00202,0.01,3159
MedicalRecord,PRSNL,SCD_STORY,1,12,0.00376,0.00018,0.00197,0.01,3160
MedicalRecord,PRSNL,SCR_PATTERN,1,3,0.00397,0.00004,0.00201,0.01,3161
MedicalRecord,PRSNL,TASK_ACTIVITY_ASSIGNMENT,4,47,0.0137,0.00068,0.00719,0.01,3162
MedicalRecord,PRSNL,TRACKING_EVT_CMT,1,16,0.00405,0.00023,0.00214,0.01,3163
MedicalRecord,PRSNL,HM_EXPECT_MOD_HIST,1,524,0.00403,0.00768,0.00586,0.01,3164
MedicalRecord,PRSNL,ORDER_RADIOLOGY,2,84,0.00563,0.0012,0.00342,0.01,3165
MedicalRecord,PRSNL,PPR_CONSENT_STATUS,2,244,0.008,0.00357,0.00579,0.01,3166
MedicalRecord,PRSNL,RAD_PROTOCOL_DEFINITION,1,4,0.00405,0.00006,0.00206,0.01,3167
MedicalRecord,PRSNL,STICKY_NOTE,1,8,0.00398,0.00012,0.00205,0.01,3168
MedicalRecord,PRSNL,TRACKING_EVENT_HISTORY,1,4,0.00405,0.00006,0.00206,0.01,3169
MedicalRecord,CODE_VALUE,BILL_ITEM_MODIFIER,2,60,0.00398,0.00086,0.00242,0.01,3170
MedicalRecord,CODE_VALUE,CODE_VALUE_ALIAS,4,1827,0.00803,0.02651,0.01727,0.01,3171
MedicalRecord,CODE_VALUE,CODE_VALUE_EXTENSION,46,6430,0.066,0.07277,0.06939,0.01,3172
MedicalRecord,CODE_VALUE,CODE_VALUE_GROUP,9,432,0.01744,0.00615,0.0118,0.01,3173
MedicalRecord,CODE_VALUE,CODE_VALUE_SET,2,805,0.00404,0.01168,0.00786,0.01,3174
MedicalRecord,CODE_VALUE,COLLECTION_PRIORITY,4,219,0.008,0.00309,0.00555,0.01,3175
MedicalRecord,CODE_VALUE,ENCNTR_ALIAS,7,203,0.01201,0.00271,0.00736,0.01,3176
MedicalRecord,CODE_VALUE,FILL_CYCLE_BATCH,2,15,0.00404,0.00022,0.00213,0.01,3177
MedicalRecord,CODE_VALUE,LOCATION,3,267,0.00548,0.00365,0.00457,0.01,3178
MedicalRecord,CODE_VALUE,MED_DEF_FLEX,1,6,0.00178,0.00008,0.00093,0.01,3179
MedicalRecord,CODE_VALUE,NOMENCLATURE,4,114,0.00678,0.0015,0.00414,0.01,3180
MedicalRecord,CODE_VALUE,ORDER_TASK,1,98,0.00195,0.0014,0.00168,0.01,3181
MedicalRecord,CODE_VALUE,OUTBOUND_FIELD_PROCESSING,2,5,0.00393,0.00007,0.002,0.01,3182
MedicalRecord,CODE_VALUE,PERSON_CODE_VALUE_R,9,9765,0.01754,0.13779,0.07767,0.01,3183
MedicalRecord,CODE_VALUE,PERSON_NAME,5,119,0.00773,0.00156,0.00465,0.01,3184
MedicalRecord,CODE_VALUE,PHONE,5,119,0.00853,0.0016,0.00507,0.01,3185
MedicalRecord,CODE_VALUE,PRSNL,8,18247,0.0109,0.15346,0.08218,0.01,3186
MedicalRecord,CODE_VALUE,PRSNL_ALIAS,1,276,0.00183,0.00389,0.00286,0.01,3187
MedicalRecord,CODE_VALUE,PRSNL_GROUP_RELTN,3,1441,0.00594,0.02056,0.01325,0.01,3188
MedicalRecord,CODE_VALUE,ROUTE_FORM_R,1,3,0.00201,0.00004,0.00103,0.01,3189
MedicalRecord,CODE_VALUE,TRACKING_LOCATOR,1,1,0.00189,0.00001,0.00095,0.01,3190
MedicalRecord,CODE_VALUE,CODE_CDF_EXT,2,9,0.00402,0.00013,0.00208,0.01,3191
MedicalRecord,CODE_VALUE,CREDENTIAL,2,9,0.00398,0.00013,0.00206,0.01,3192
MedicalRecord,CODE_VALUE,DEVICE,1,45,0.00196,0.00064,0.0013,0.01,3193
MedicalRecord,CODE_VALUE,DISPENSE_CATEGORY,2,136,0.00402,0.00197,0.003,0.01,3194
MedicalRecord,CODE_VALUE,ENCOUNTER,5,1218,0.00581,0.01041,0.00811,0.01,3195
MedicalRecord,CODE_VALUE,LOCATION_GROUP,11,264,0.02095,0.00363,0.01229,0.01,3196
MedicalRecord,CODE_VALUE,ORDER_CATALOG,1,224,0.00158,0.00316,0.00237,0.01,3197
MedicalRecord,CODE_VALUE,PERSON_ALIAS,10,271,0.01724,0.00286,0.01005,0.01,3198
MedicalRecord,CODE_VALUE,PERSON_PRSNL_RELTN,1,5,0.00188,0.00007,0.00098,0.01,3199
MedicalRecord,CODE_VALUE,PRSNL_GROUP,3,1441,0.00596,0.02067,0.01332,0.01,3200
MedicalRecord,CODE_VALUE,SCH_EVENT_ACTION,2,2,0.00362,0.00003,0.00183,0.01,3201
MedicalRecord,CODE_VALUE,BILL_ITEM,2,60,0.00392,0.00085,0.00239,0.01,3202
MedicalRecord,CODE_VALUE,CHARGE_EVENT,1,1,0.00191,0.00001,0.00096,0.01,3203
MedicalRecord,CODE_VALUE,MATCH_TAG_PARMS,1,132,0.00199,0.0019,0.00195,0.01,3204
MedicalRecord,CODE_VALUE,ORDER_RADIOLOGY,2,2,0.00332,0.00003,0.00168,0.01,3205
MedicalRecord,CODE_VALUE,PCS_DEMOGRAPHIC_FIELD,1,21,0.002,0.0003,0.00115,0.01,3206
MedicalRecord,CODE_VALUE,SIGN_LINE_FORMAT,2,8,0.00403,0.00012,0.00208,0.01,3207
MedicalRecord,CODE_VALUE,SIGN_LINE_FORMAT_DETAIL,2,8,0.00403,0.00012,0.00208,0.01,3208
MedicalRecord,CODE_VALUE,CLINICAL_EVENT,2,2,0.00285,0.00002,0.00144,0.01,3209
MedicalRecord,CODE_VALUE,TRACK_GROUP,1,20,0.00198,0.00029,0.00114,0.01,3210
MedicalRecord,CODE_VALUE,ORDERS,3,226,0.00322,0.00273,0.00298,0.01,3211
MedicalRecord,CODE_VALUE,ENCNTR_PRSNL_RELTN,3,83,0.00541,0.00111,0.00326,0.01,3212
MedicalRecord,CODE_VALUE,DCP_FORMS_ACTIVITY_COMP,1,6,0.00197,0.00009,0.00103,0.01,3213
MedicalRecord,CODE_VALUE,MED_FLEX_OBJECT_IDX,1,6,0.00182,0.00008,0.00095,0.01,3214
MedicalRecord,CODE_VALUE,ORGANIZATION,1,4,0.0018,0.00006,0.00093,0.01,3215
MedicalRecord,CODE_VALUE,PRINTER,1,45,0.002,0.00065,0.00133,0.01,3216
MedicalRecord,CODE_VALUE,TRACKING_ITEM,1,1,0.00174,0.00001,0.00088,0.01,3217
MedicalRecord,CODE_VALUE,V500_EVENT_SET_CODE,1,1124,0.00195,0.01621,0.00908,0.01,3218
MedicalRecord,CODE_VALUE,CMT_CONCEPT,1,3,0.00201,0.00004,0.00103,0.01,3219
MedicalRecord,CODE_VALUE,MLTM_NDC_MAIN_DRUG_CODE,1,3,0.00201,0.00004,0.00103,0.01,3220
MedicalRecord,CODE_VALUE,ORG_ALIAS_POOL_RELTN,1,3,0.00194,0.00004,0.00099,0.01,3221
MedicalRecord,CODE_VALUE,PSN_PPR_RELTN,1,23,0.00202,0.00033,0.00118,0.01,3222
MedicalRecord,CODE_VALUE,TRACKING_CHECKIN,1,1,0.00187,0.00001,0.00094,0.01,3223
MedicalRecord,CODE_VALUE,CMT_CONCEPT_EXTENSION,1,3,0.00202,0.00004,0.00103,0.01,3224
MedicalRecord,CODE_VALUE,RX_CURVE,1,6,0.00202,0.00009,0.00106,0.01,3225
MedicalRecord,CODE_VALUE,ORG_ORG_RELTN,1,107,0.00201,0.00155,0.00178,0.01,3226
MedicalRecord,CODE_VALUE,PREDEFINED_PREFS,1,8,0.00201,0.00012,0.00107,0.01,3227
MedicalRecord,CODE_VALUE,TRACKING_EVENT,1,1,0.00191,0.00001,0.00096,0.01,3228
MedicalRecord,CODE_VALUE,WORKING_VIEW_FREQ_INTERVAL,1,64,0.00202,0.00093,0.00148,0.01,3229
MedicalRecord,ECO_QUEUE,ORDERS,2,14,0.0045,0.00098,0.00274,0.01,3231
MedicalRecord,ECO_QUEUE,ORDER_CATALOG,1,7,0.00704,0.00311,0.00508,0.01,3232
MedicalRecord,MLTM_NDC_MAIN_DRUG_CODE,CODE_VALUE,1,3,0.00201,0.00004,0.00103,0.01,3233
MedicalRecord,SERVICE_DIRECTORY,ORDERS,5,104,0.01116,0.00723,0.0092,0.01,3236
MedicalRecord,PRSNL_RELTN_ACTIVITY,PERSON_PRSNL_RELTN,5,121,0.125,0.03047,0.07774,0.01,3245
MedicalRecord,PRSNL_RELTN_ACTIVITY,PRSNL_RELTN,1,4,0.1,0.01835,0.05918,0.01,3246
MedicalRecord,PRSNL_RELTN_ACTIVITY,ENCNTR_PRSNL_RELTN,1,3,0.01429,0.00048,0.00739,0.01,3247
MedicalRecord,REGIMEN_CAT_SYNONYM,ORDER_CATALOG,2,10,0.01449,0.0045,0.0095,0.01,3253
MedicalRecord,REGIMEN_CAT_SYNONYM,ORDER_CATALOG_SYNONYM,2,10,0.01235,0.00249,0.00742,0.01,3254
MedicalRecord,RAD_FOLLOW_UP_CONTROL,RAD_PROCEDURE_ASSOC,1,3,0.25,0.09677,0.17339,0.01,2913
MedicalRecord,PAT_ED_DOC_ACTIVITY,PRSNL,1,13,0.00402,0.00019,0.00211,0.01,2918
MedicalRecord,PSN_PPR_RELTN,CODE_VALUE,1,23,0.00202,0.00033,0.00118,0.01,2919
MedicalRecord,CODE_VALUE_EXTENSION,CODE_VALUE,46,6430,0.066,0.07277,0.06939,0.01,2948
MedicalRecord,CODE_VALUE_EXTENSION,LONG_TEXT,6,40,0.01439,0.00125,0.00782,0.01,2949
MedicalRecord,CODE_VALUE_EXTENSION,PERSON_INFO,3,32,0.01186,0.00123,0.00655,0.01,2950
MedicalRecord,CODE_VALUE_EXTENSION,CODE_VALUE_GROUP,2,46,0.00725,0.00166,0.00446,0.01,2951
MedicalRecord,CODE_VALUE_EXTENSION,ORDER_ACTION,2,15,0.0042,0.00048,0.00234,0.01,2952
MedicalRecord,CODE_VALUE_EXTENSION,ORDER_DETAIL,1,7,0.00309,0.00024,0.00167,0.01,2953
MedicalRecord,CODE_VALUE_EXTENSION,ENCNTR_INFO,3,8,0.01176,0.00031,0.00604,0.01,2954
MedicalRecord,CODE_VALUE_EXTENSION,ENCNTR_PRSNL_RELTN,2,1711,0.00647,0.05658,0.03153,0.01,2955
MedicalRecord,CODE_VALUE_EXTENSION,ORDERS,2,15,0.00291,0.00037,0.00164,0.01,2956
MedicalRecord,CODE_VALUE_EXTENSION,PERSON_PERSON_RELTN,1,44,0.00379,0.00168,0.00274,0.01,2957
MedicalRecord,CODE_VALUE_EXTENSION,PERSON_PRSNL_RELTN,6,1834,0.02151,0.06557,0.04354,0.01,2958
MedicalRecord,CODE_VALUE_EXTENSION,PRSNL_ORG_RELTN,2,1711,0.00707,0.05719,0.03213,0.01,2959
MedicalRecord,CODE_VALUE_EXTENSION,ENCOUNTER,4,1757,0.00651,0.02391,0.01521,0.01,2960
MedicalRecord,CODE_VALUE_EXTENSION,ORD_RQSTN_ORD_R,1,16,0.0038,0.00061,0.00221,0.01,2961
MedicalRecord,CODE_VALUE_EXTENSION,PRSNL_ALIAS,1,276,0.00334,0.00987,0.00661,0.01,2962
MedicalRecord,CODE_VALUE_EXTENSION,BLOB_REFERENCE,2,32,0.0069,0.00122,0.00406,0.01,2963
MedicalRecord,CODE_VALUE_EXTENSION,CODE_SET_EXTENSION,3,208,0.0121,0.00803,0.01007,0.01,2964
MedicalRecord,CODE_VALUE_EXTENSION,PE_STATUS_REASON,1,432,0.00402,0.01663,0.01033,0.01,2965
MedicalRecord,CODE_VALUE_EXTENSION,ACCESSION_ORDER_R,1,16,0.00366,0.00059,0.00213,0.01,2966
MedicalRecord,CODE_VALUE_EXTENSION,SCH_EVENT_ATTACH,1,7,0.00353,0.00026,0.0019,0.01,2967
MedicalRecord,ENCOUNTER,CODE_VALUE,5,1218,0.00581,0.01041,0.00811,0.01,2971
MedicalRecord,ENCOUNTER,ORDERS,35,3761,0.0451,0.06285,0.05398,0.01,2979
MedicalRecord,ENCOUNTER,ORDER_ACTION,8,28,0.01351,0.00051,0.00701,0.01,2980
MedicalRecord,ENCOUNTER,ORDER_CATALOG,10,118,0.02008,0.00229,0.01119,0.01,2981
MedicalRecord,ENCOUNTER,ORDER_CATALOG_SYNONYM,20,1188,0.03906,0.02277,0.03092,0.01,2982
MedicalRecord,ENCOUNTER,ENCNTR_PRSNL_RELTN,10,2313,0.02364,0.04358,0.03361,0.01,3001
MedicalRecord,ENCOUNTER,ORDER_INGREDIENT,3,99,0.00645,0.00197,0.00421,0.01,3013
MedicalRecord,ENCOUNTER,PERSON_PRSNL_RELTN,3,1727,0.00743,0.03352,0.02048,0.01,3015
MedicalRecord,ENCOUNTER,PRSNL,11,655,0.01815,0.0056,0.01188,0.01,3018
MedicalRecord,ENCOUNTER,PRSNL_ORG_RELTN,2,1711,0.00494,0.03207,0.01851,0.01,3019
MedicalRecord,TRACKING_PRSNL,PRSNL,7,98,0.02692,0.00143,0.01418,0.01,3402
MedicalRecord,PERSON_INFO,CODE_VALUE_EXTENSION,3,32,0.01186,0.00123,0.00655,0.01,3409
MedicalRecord,ACTIVITY_DATA_RELTN,ORDERS,1,3,0.00209,0.0002,0.00115,0.01,3412
MedicalRecord,MED_OE_DEFAULTS,LONG_TEXT,6,242,0.03191,0.03492,0.03342,0.01,3422
MedicalRecord,MED_OE_DEFAULTS,MEDICATION_DEFINITION,1,31,0.025,0.0171,0.02105,0.01,3423
MedicalRecord,MED_OE_DEFAULTS,MED_DEF_FLEX,15,858,0.20833,0.25976,0.23405,0.01,3424
MedicalRecord,MED_OE_DEFAULTS,MED_DISPENSE,1,248,0.02941,0.16052,0.09497,0.01,3425
MedicalRecord,MED_OE_DEFAULTS,MED_FLEX_OBJECT_IDX,19,1074,0.35185,0.42085,0.38635,0.01,3426
MedicalRecord,MED_OE_DEFAULTS,MED_IDENTIFIER,1,31,0.02439,0.01726,0.02083,0.01,3427
MedicalRecord,MED_OE_DEFAULTS,MED_INGRED_SET,1,248,0.04348,0.19092,0.1172,0.01,3428
MedicalRecord,MED_OE_DEFAULTS,ORDER_CATALOG_ITEM_R,1,248,0.03704,0.16723,0.10214,0.01,3429
MedicalRecord,MED_OE_DEFAULTS,ORDER_CATALOG_SYNONYM,11,553,0.06471,0.12186,0.09329,0.01,3430
MedicalRecord,EXAM_DATA,ORDER_CATALOG_SYNONYM,6,509,0.03636,0.12633,0.08135,0.01,3443
MedicalRecord,REGIMEN_CATALOG,ORDER_CATALOG,2,10,0.01449,0.0045,0.0095,0.01,3468
MedicalRecord,REGIMEN_CATALOG,ORDER_CATALOG_SYNONYM,2,10,0.01235,0.00249,0.00742,0.01,3469
MedicalRecord,RAD_RES_INFO,PRSNL,2,16,0.00797,0.00023,0.0041,0.01,3484
MedicalRecord,PREDEFINED_PREFS,CODE_VALUE,1,8,0.00201,0.00012,0.00107,0.01,3492
MedicalRecord,UCMR_CASE_TYPE,ORDERS,1,8,0.00227,0.00056,0.00142,0.01,3497
MedicalRecord,ICLASS_PERSON_RELTN,ORDER_CATALOG_SYNONYM,1,52,0.00599,0.01228,0.00914,0.01,3269
MedicalRecord,MEDIA_EXAM,ORDER_CATALOG_SYNONYM,2,252,0.01235,0.06273,0.03754,0.01,3280
MedicalRecord,SCR_PATTERN,PRSNL,2,9,0.00797,0.00013,0.00405,0.01,3285
MedicalRecord,LONG_TEXT,ORDER_CATALOG_SYNONYM,1,9,0.00298,0.00089,0.00194,0.01,3310
MedicalRecord,ENCNTR_PRSNL_RELTN,ENCOUNTER,10,2313,0.02364,0.04358,0.03361,0.01,3313
MedicalRecord,ENCNTR_PRSNL_RELTN,EXPEDITE_COPY,1,4,0.01515,0.00066,0.00791,0.01,3314
MedicalRecord,ENCNTR_PRSNL_RELTN,PERSON,6,82,0.01734,0.00116,0.00925,0.01,3315
MedicalRecord,ENCNTR_PRSNL_RELTN,PRSNL,21,1268,0.07266,0.01736,0.04501,0.01,3316
MedicalRecord,ENCNTR_PRSNL_RELTN,SCH_EVENT,2,22,0.01613,0.00296,0.00955,0.01,3317
MedicalRecord,ENCNTR_PRSNL_RELTN,SCH_EVENT_ALIAS,1,5,0.01429,0.0008,0.00755,0.01,3318
MedicalRecord,ENCNTR_PRSNL_RELTN,CODE_VALUE_EXTENSION,2,1711,0.00647,0.05658,0.03153,0.01,3319
MedicalRecord,ENCNTR_PRSNL_RELTN,SCH_EVENT_ACTION,1,5,0.0082,0.00065,0.00443,0.01,3320
MedicalRecord,ENCNTR_PRSNL_RELTN,CODE_VALUE,3,83,0.00541,0.00111,0.00326,0.01,3321
MedicalRecord,ENCNTR_PRSNL_RELTN,SCH_ENTRY,1,5,0.00962,0.00081,0.00522,0.01,3322
MedicalRecord,ENCNTR_PRSNL_RELTN,PERSON_PRSNL_RELTN,2,1711,0.02041,0.20744,0.11393,0.01,3323
MedicalRecord,ENCNTR_PRSNL_RELTN,SCH_APPT,1,17,0.00855,0.00218,0.00537,0.01,3324
MedicalRecord,ENCNTR_PRSNL_RELTN,PRSNL_ORG_RELTN,2,1711,0.02041,0.16988,0.09515,0.01,3325
MedicalRecord,ENCNTR_PRSNL_RELTN,PCT_CARE_TEAM,1,54,0.01563,0.00884,0.01224,0.01,3326
MedicalRecord,ENCNTR_PRSNL_RELTN,PRSNL_RELTN_ACTIVITY,1,3,0.01429,0.00048,0.00739,0.01,3327
MedicalRecord,ENCNTR_PRSNL_RELTN,CODE_VALUE_GROUP,1,54,0.01087,0.0069,0.00889,0.01,3328
MedicalRecord,PROBLEM,PRSNL,3,587,0.01181,0.00852,0.01017,0.01,3332
MedicalRecord,ALLERGY,PRSNL,5,94,0.01754,0.00134,0.00944,0.01,3342
MedicalRecord,TRACKING_EVENT,CODE_VALUE,1,1,0.00191,0.00001,0.00096,0.01,3358
MedicalRecord,TRACKING_EVENT,ORDERS,4,141,0.00857,0.0098,0.00919,0.01,3359
MedicalRecord,TRACKING_EVENT,PRSNL,2,17,0.00727,0.00025,0.00376,0.01,3360
MedicalRecord,MED_INGRED_SET,MEDICATION_DEFINITION,1,3,0.03846,0.00242,0.02044,0.01,3368
MedicalRecord,MED_INGRED_SET,MED_DEF_FLEX,1,248,0.01389,0.07488,0.04439,0.01,3369
MedicalRecord,MED_INGRED_SET,MED_DISPENSE,1,248,0.05,0.26271,0.15636,0.01,3370
MedicalRecord,MED_INGRED_SET,MED_FLEX_OBJECT_IDX,1,248,0.01724,0.08931,0.05328,0.01,3371
MedicalRecord,MED_INGRED_SET,MED_OE_DEFAULTS,1,248,0.04348,0.19092,0.1172,0.01,3372
MedicalRecord,MED_INGRED_SET,ORDER_CATALOG_ITEM_R,1,248,0.07692,0.28118,0.17905,0.01,3373
MedicalRecord,MED_INGRED_SET,ORDER_CATALOG_SYNONYM,1,248,0.00602,0.05846,0.03224,0.01,3374
MedicalRecord,ALLERGY_COMMENT,PRSNL,4,43,0.01569,0.00063,0.00816,0.01,3377
MedicalRecord,LOGICAL_DOMAIN,PRSNL,1,12,0.00392,0.00015,0.00204,0.01,3380
MedicalRecord,TRACK_REFERENCE,PRSNL,4,44,0.01544,0.00064,0.00804,0.01,3384
MedicalRecord,ENCNTR_LOC_HIST,ORDERS,2,8,0.00427,0.00051,0.00239,0.01,3392
MedicalRecord,ENCNTR_LOC_HIST,ORDER_ACTION,2,2,0.00778,0.00028,0.00403,0.01,3393
