TABLE_ID,TABLE_SET_NAME,SCHEMA,TABLE_NAME,TOTAL_SQL,TOTAL_EXECUTIONS,TABLES_JOINED
1,MedicalRecord,V500,PERSON,289,64515,84
2,MedicalRecord,V500,ORDER_ALIAS,32,568,1
3,MedicalRecord,V500,PW_EVIDENCE_RELTN,5,38,4
4,MedicalRecord,V500,OUTCOME_ACTIVITY,17,473,4
5,MedicalRecord,V500,ICD9CM_EXTENSION,1,13,1
6,MedicalRecord,V500,SCH_EVENT_ACTION,60,1693,32
7,MedicalRecord,V500,SCH_EVENT_ATTACH,36,787,11
8,MedicalRecord,V500,VIEW_COMP_PREFS,6,2086,1
9,MedicalRecord,V500,COND_EXPRESSION_COMP,2,691,2
10,MedicalRecord,V500,ENCNTR_ALIAS,95,6146,32
11,MedicalRecord,V500,PFT_HOLD_CRITERIA,6,1498,6
12,MedicalRecord,V500,CE_EVENT_ACTION,14,498,7
13,MedicalRecord,V500,CHARGE,24,1133,15
14,MedicalRecord,V500,TASK_ACTIVITY,135,1709,23
15,MedicalRecord,V500,RAD_EXAM,40,521,30
16,MedicalRecord,V500,IM_STUDY_PARENT_R,18,49,6
17,MedicalRecord,V500,OMF_ENCNTR_ST_EXT,11,464,1
18,MedicalRecord,V500,STICKY_NOTE,5,866,6
19,MedicalRecord,V500,ESO_TRIGGER,8,143,2
20,MedicalRecord,V500,LOCATION,55,4602,34
21,MedicalRecord,V500,PFT_HOLD,6,882,5
22,MedicalRecord,V500,PRSNL_ORG_RELTN,37,5730,10
23,MedicalRecord,V500,RAD_SYS_CONTROLS,19,242,1
24,MedicalRecord,V500,SCD_STORY,20,95,8
25,MedicalRecord,V500,SCH_LOCATION,11,163,12
26,MedicalRecord,V500,SCHEDULED_TIME_OF_DAY,8,103,1
27,MedicalRecord,V500,ORDER_CATALOG_ITEM_R,9,657,13
28,MedicalRecord,V500,PRSNL_GROUP_RELTN,13,2623,8
29,MedicalRecord,V500,CE_MED_RESULT,5,263,4
30,MedicalRecord,V500,V500_SPECIMEN,7,367,7
31,MedicalRecord,V500,ECO_FLEX_SCHEDULE,2,14,1
32,MedicalRecord,V500,TEMPLATE_NONFORMULARY,5,108,7
33,MedicalRecord,V500,ORDER_TASK,18,967,19
34,MedicalRecord,V500,PERSON_NAME_HIST,23,1254,1
35,MedicalRecord,V500,PCS_DEMOGRAPHIC_FIELD,6,336,3
36,MedicalRecord,V500,DCP_FORMS_ACTIVITY_COMP,14,812,13
37,MedicalRecord,V500,PW_VARIANCE_RELTN,20,60,1
38,MedicalRecord,V500,SCH_ORDER_APPT,5,58,2
39,MedicalRecord,V500,TPL_APPL_TASK_RELTN,1,4,5
40,MedicalRecord,V500,BILL_ITEM,17,1986,7
41,MedicalRecord,V500,ITEM_CONTROL_INFO,3,213,1
42,MedicalRecord,V500,HIM_PV_DOCUMENT,4,4854,1
43,MedicalRecord,V500,MIC_MEDIA,2,3888,2
44,MedicalRecord,V500,OUTCOME_CAT_LOC_RELTN,11,216,3
45,MedicalRecord,V500,ENCNTR_COMBINE,4,11821,4
46,MedicalRecord,V500,ALPHA_RESPONSES_CATEGORY,1,118,3
47,MedicalRecord,V500,CE_MED_ADMIN_IDENT,9,9,1
48,MedicalRecord,V500,SCH_EVENT_LINK,5,106,2
49,MedicalRecord,V500,RAD_REPORT_DETAIL,8,33,7
50,MedicalRecord,V500,MLTM_DRUG_NAME,2,12,3
51,MedicalRecord,V500,PROCEDURE_SPECIMEN_TYPE,8,370,3
52,MedicalRecord,V500,APPLICATION_INI,5,749,1
53,MedicalRecord,V500,SCH_APPT_OPTION,22,522,10
54,MedicalRecord,V500,FILTER_ENTITY_RELTN,1,12,1
55,MedicalRecord,V500,DELIVERY_CLASS_QUEUE,1,26,5
56,MedicalRecord,V500,DM_TRANSACTION_ACTIVITY,3,3,1
57,MedicalRecord,V500,ALPHA_RESPONSES,3,264,4
58,MedicalRecord,V500,TRACK_PREFS,6,68,3
59,MedicalRecord,V500,EKS_NOTIFICATIONS,2,721,4
60,MedicalRecord,V500,FSIESO_QUE_DETAILS,11,221,1
61,MedicalRecord,V500,DM_TRANSACTIONS,1,120,1
62,MedicalRecord,V500,RENEW_NOTIFICATION_PERIOD,5,96,2
63,MedicalRecord,V500,OUTCOME_CRITERIA,13,410,2
64,MedicalRecord,V500,TPL_APPL_DETAIL,1,4,5
65,MedicalRecord,V500,FT_PRSNL_DEMOG,1,84,4
66,MedicalRecord,V500,CONCEPT_CKI_ENTITY_R,1,3,2
67,MedicalRecord,V500,SCR_TERM,1,24,4
68,MedicalRecord,V500,FILL_PRINT_ORD_HX,5,63,8
69,MedicalRecord,V500,PHARMACY_NOTES,8,173,11
70,MedicalRecord,V500,AUDIT_TYPE_DEF,2,325,3
71,MedicalRecord,V500,EEM_BENEFIT_ALLOC,1,3,3
72,MedicalRecord,V500,MRU_LOOKUP_ED_DOC,1,1,3
73,MedicalRecord,V500,CODE_VALUE_GROUP_MODS,3,15,1
74,MedicalRecord,V500,RAD_CONFIG_DATA,7,46,4
75,MedicalRecord,V500,PRICE_RANGE,5,251,2
76,MedicalRecord,V500,DMS_MEDIA_METADATA_REF,1,570,2
77,MedicalRecord,V500,PAT_ED_RELTN,10,78,8
78,MedicalRecord,V500,RAD_TRACKING_CONTROLS,1,4,1
79,MedicalRecord,V500,BILL_ITEM_MODIFIER,9,859,7
80,MedicalRecord,V500,PW_CAT_RELTN,4,28,2
81,MedicalRecord,V500,PROBLEM_COMMENT,1,4,2
82,MedicalRecord,V500,DMS_MEDIA_XREF,1,4,2
83,MedicalRecord,V500,OEN_PERSONALITY,2,16,1
84,MedicalRecord,V500,WARNING_LABEL_XREF,4,219,3
85,MedicalRecord,V500,PRIVILEGE_EXCEPTION_DEF,1,21,1
86,MedicalRecord,V500,HP_FINANCIAL,4,48,4
87,MedicalRecord,V500,SCH_ASSOC,3,88,1
88,MedicalRecord,V500,CE_DYNAMIC_LABEL,3,48,3
89,MedicalRecord,V500,CHART_PROCESS,1,17,3
90,MedicalRecord,V500,PFT_WF_ISSUE_CRITERIA,1,144,4
91,MedicalRecord,V500,WORKING_VIEW_PERSON_SECT,1,76,4
92,MedicalRecord,V500,ENCNTR_ACCIDENT,2,7,1
93,MedicalRecord,V500,PAT_ED_FAVORITES,2,16,4
94,MedicalRecord,V500,SECTION,2,7,3
95,MedicalRecord,V500,SCH_DATE_COMMENT,3,154,1
96,MedicalRecord,V500,EXPEDITE_PROCESSING,2,8,1
97,MedicalRecord,V500,ORDER_PROPOSAL_NOTIF,2,8,2
98,MedicalRecord,V500,RAD_TECH_FMT_ERPRC_R,1,4,4
99,MedicalRecord,V500,PRIVILEGE_DEF,1,21,1
100,MedicalRecord,V500,MLTM_RXB_ORDER_FREQUENCY_MAP,1,6,2
101,MedicalRecord,V500,DMS_VIEWER,1,2,4
102,MedicalRecord,V500,ITEM_INTERVAL_TABLE,2,78,2
103,MedicalRecord,V500,ROUTE_COLLECTION_PRIORITY_R,2,11,3
104,MedicalRecord,V500,CE_IO_TOTAL_RESULT,1,4,1
105,MedicalRecord,V500,ANSWER,1,57,1
106,MedicalRecord,V500,OMF_APP_CTX_DAY_ST,2,25522,1
107,MedicalRecord,V500,SCR_TERM_DEFINITION,1,24,4
108,MedicalRecord,V500,PERSON_COMBINE_DET,2,479,6
109,MedicalRecord,V500,DA_BATCH_SCHED_LOG,1,24,2
110,MedicalRecord,V500,PW_COMP_OS_RELTN,2,53,2
111,MedicalRecord,V500,MLTM_DRUG_NAME_MAP,1,6,2
112,MedicalRecord,V500,SUBSCRIPTION_FILTER_MSG,1,388,2
113,MedicalRecord,V500,ALIQUOT_INFO_QUALIFIERS,1,20,4
114,MedicalRecord,V500,MIC_RPT_PARAMS,2,1944,2
115,MedicalRecord,V500,HOLD_RULE_CONDITION,1,12,1
116,MedicalRecord,V500,MLTM_RXB_ORDER_REFILL_MAP,1,9,1
117,MedicalRecord,V500,RAD_ENCNTR_TYPE_LOGOUT,1,4,1
118,MedicalRecord,V500,INVTN_WORKFLOW,1,3,2
119,MedicalRecord,V500,TRACKING_ENCNTR_PRSNL_RELTN,1,3,2
120,MedicalRecord,V500,SEAL,1,669,2
121,MedicalRecord,V500,CCR_VIEW_SET_RELTN,1,34,4
122,MedicalRecord,V500,IM_STUDY_LOCATION,1,4,2
123,MedicalRecord,V500,DCP_PATIENT_LIST,1,30,2
124,MedicalRecord,V500,PERSON_TRANS_REQ,1,2,1
125,MedicalRecord,V500,PFT_ACCT_NUMBER,1,35,1
126,MedicalRecord,V500,DCP_PL_CUSTOM_ENTRY,2,6,3
127,MedicalRecord,V500,SPECIMEN_CONTAINER_VOLUME,1,12,2
128,MedicalRecord,V500,PATIENT_EVENT,1,3,1
129,MedicalRecord,V500,LONG_BLOB,21,1375,21
130,MedicalRecord,V500,WP_TEMPLATE_TEXT,1,4,6
131,MedicalRecord,V500,PHONE,96,5777,16
132,MedicalRecord,V500,DM_INFO,155,4900,8
133,MedicalRecord,V500,PROFILE_TASK_R,34,601,7
134,MedicalRecord,V500,PERSON_PLAN_RELTN,13,469,7
135,MedicalRecord,V500,ORGANIZATION,62,2940,30
136,MedicalRecord,V500,CONTAINER_ACCESSION,8,383,8
137,MedicalRecord,V500,DM_STAT_TABLE,1083,15939,1
138,MedicalRecord,V500,OMF_LOCATION_HIST_ST,3,400,1
139,MedicalRecord,V500,MSG_EVENT_GRP,4,22,10
140,MedicalRecord,V500,NAME_VALUE_PREFS,43,26783,9
141,MedicalRecord,V500,CHARGE_EVENT_MOD,7,1342,3
142,MedicalRecord,V500,EEM_ABN_CHECK,23,27,2
143,MedicalRecord,V500,ENCNTR_ORG_RELTN,12,336,4
144,MedicalRecord,V500,ALT_SEL_LIST,9,603,14
145,MedicalRecord,V500,CQM_FSIESO_TR_1,22,420,1
146,MedicalRecord,V500,SCH_APPT_LOC,6,119,7
147,MedicalRecord,V500,PERSON_ANTIBODY,1,2,1
148,MedicalRecord,V500,CE_MED_ADMIN_IDENT_RELTN,11,11,1
149,MedicalRecord,V500,BLOB_REFERENCE,44,332,9
150,MedicalRecord,V500,SUBSTANCE_PROPERTY,1,3,1
151,MedicalRecord,V500,RAD_TECH_CMT_DATA,19,33,3
152,MedicalRecord,V500,PAT_ED_DOCUMENT,9,83,5
153,MedicalRecord,V500,V500_EVENT_SET_CODE,18,1550,19
154,MedicalRecord,V500,ORG_SET,5,253,4
155,MedicalRecord,V500,SCH_TEMPLATE,8,69,5
156,MedicalRecord,V500,CV_CASE_DATASET_R,2,153,3
157,MedicalRecord,V500,PAT_ED_SHORTCUT,3,35,4
158,MedicalRecord,V500,DEVICE,17,1485,10
159,MedicalRecord,V500,ENCNTR_TYPE_PARAMS,3,17,1
160,MedicalRecord,V500,ORDER_CONTAINER_R,11,369,12
161,MedicalRecord,V500,SERVICE_RESOURCE,25,480,21
162,MedicalRecord,V500,PACKAGE_TYPE,32,1298,11
163,MedicalRecord,V500,TPM_RESULT,2,78,4
164,MedicalRecord,V500,PW_CAT_FLEX,7,49,12
165,MedicalRecord,V500,EXPEDITE_TRIGGER,2,48,3
166,MedicalRecord,V500,MATCH_TAG_PARMS,9,866,3
167,MedicalRecord,V500,DCP_ACTIVITY_LOG,1,1,1
168,MedicalRecord,V500,CODE_CDF_EXT,5,72,2
169,MedicalRecord,V500,ENCNTR_PLAN_RELTN,20,1762,8
170,MedicalRecord,V500,HEALTH_PLAN,20,1472,12
171,MedicalRecord,V500,MED_IDENTIFIER,23,753,18
172,MedicalRecord,V500,PFT_WF_ISSUE,2,288,5
173,MedicalRecord,V500,RAD_PROTOCOL_DEFINITION,1,4,4
174,MedicalRecord,V500,MSG_OS_ORD_CONFIG,1,4,1
175,MedicalRecord,V500,RAD_INIT_READ,5,37,11
176,MedicalRecord,V500,REACTION,21,335,5
177,MedicalRecord,V500,ENCNTR_ALIAS_HIST,14,14,1
178,MedicalRecord,V500,DM_TRANSACTION_KEY,4,4,1
179,MedicalRecord,V500,PFT_WF_PROCESS_MODEL,2,288,5
180,MedicalRecord,V500,CE_CONTRIBUTOR_LINK,11,18,2
181,MedicalRecord,V500,MLTM_RXB_ORDER_INSTRUCTION_MAP,1,6,2
182,MedicalRecord,V500,TRACK_COLLECTION,2,7,2
183,MedicalRecord,V500,OE_FORMAT_FIELDS,18,285,6
184,MedicalRecord,V500,PM_FLX_CONVERSATION,8,120,3
185,MedicalRecord,V500,OUTPUT_DEST_XREF,6,170,6
186,MedicalRecord,V500,PHA_FLEX,24,1502,1
187,MedicalRecord,V500,MED_PACKAGE_TYPE,8,419,4
188,MedicalRecord,V500,RAD_ENCNTR_PATH_R,6,33,1
189,MedicalRecord,V500,ORG_ORG_RELTN,3,162,2
190,MedicalRecord,V500,TRACKING_PREARRIVAL,3,13,3
191,MedicalRecord,V500,ORG_BARCODE_FORMAT,3,155,5
192,MedicalRecord,V500,TASK_CHARTING_AGENT_R,4,30,3
193,MedicalRecord,V500,PERSON_PRSNL_RELTN_HISTORY,19,19,1
194,MedicalRecord,V500,ENCNTR_SPAN_CODE,1,3,1
195,MedicalRecord,V500,EKS_NOTIFY_LOC_R,2,619,3
196,MedicalRecord,V500,ORDER_REVIEW,8,542,4
197,MedicalRecord,V500,TRACKING_PRSNL_REF,3,18,4
198,MedicalRecord,V500,MSG_EVENT_GRP_DTL_RELTN,3,10,10
199,MedicalRecord,V500,CREDENTIAL,10,1401,2
200,MedicalRecord,V500,NOTE_TYPE_TEMPLATE_RELTN,6,225,8
201,MedicalRecord,V500,INTERFACE_FILE,10,466,8
202,MedicalRecord,V500,NOTE_TYPE_LIST,3,136,5
203,MedicalRecord,V500,HIM_SYSTEM_PARAMS,6,9086,1
204,MedicalRecord,V500,PM_SCH_COMMON_NAMES,1,840,1
205,MedicalRecord,V500,OCS_FACILITY_R,3,13,11
206,MedicalRecord,V500,BILL_ONLY_PROC_RELTN,1,12,2
207,MedicalRecord,V500,RAD_RPT_LOCK,12,89,14
208,MedicalRecord,V500,IM_U_NOTIFY,1,4,1
209,MedicalRecord,V500,MSG_DOC_FAVORITES,2,60,1
210,MedicalRecord,V500,CUST_OES_TEMP,3,158,2
211,MedicalRecord,V500,RAD_EXPOSURE_VALUES,5,35,2
212,MedicalRecord,V500,CE_PREFS,1,3,1
213,MedicalRecord,V500,OMF_MED_SERVICE_HIST_ST,2,309,1
214,MedicalRecord,V500,RAD_TRANS_STATS,2,8,2
215,MedicalRecord,V500,ACCESSION_ASSIGN_XREF,5,662,2
216,MedicalRecord,V500,SURGICAL_CASE,3,168,2
217,MedicalRecord,V500,ROUTE_SPECIMEN_TYPE_R,2,11,3
218,MedicalRecord,V500,PCT_CARE_TEAM,2,107,4
219,MedicalRecord,V500,MSG_ENCNTR_GRP_DTL_RELTN,3,10,9
220,MedicalRecord,V500,FILL_CYCLE_BATCH,2,15,2
221,MedicalRecord,V500,ORDER_TASK_RESPONSE,2,18,5
222,MedicalRecord,V500,COMMON_DATA_FOUNDATION,1,4,1
223,MedicalRecord,V500,OMF_ST_ENGINE_SCRIPTS,2,19,1
224,MedicalRecord,V500,DCP_CUSTOM_COLUMNS,3,9,1
225,MedicalRecord,V500,FILM_USAGE,1,12,2
226,MedicalRecord,V500,TRACK_ORD_EVENT_RELTN,4,8729,2
227,MedicalRecord,V500,SEAL_PARTICIPANT,1,669,2
228,MedicalRecord,V500,EEM_ABN_ACTION,3,20,2
229,MedicalRecord,V500,SCH_APPT_NOTIFY,2,31,1
230,MedicalRecord,V500,DMS_MEDIA_IDENTIFIER,2,6,5
231,MedicalRecord,V500,DMS_MEDIA_INSTANCE,1,2,4
232,MedicalRecord,V500,DEPT_ORD_STAT_SECURITY,1,1,3
233,MedicalRecord,V500,SCH_QUOTA,1,142,1
234,MedicalRecord,V500,SCH_AT_ENCNTR_TYPE_R,2,18,2
235,MedicalRecord,V500,EXPEDITE_PARAMS,2,48,3
236,MedicalRecord,V500,SCH_WARNING,2,23,5
237,MedicalRecord,V500,RAD_RELEVANT_PRIOR_RELTN,1,4,1
238,MedicalRecord,V500,OMF_CHARGE_ST,2,432,1
239,MedicalRecord,V500,TPM_CHRG_TIER,1,39,3
240,MedicalRecord,V500,ORG_BARCODE_ORG,2,6,4
241,MedicalRecord,V500,PREFDIR_ROOT,1,222,1
242,MedicalRecord,V500,OMF_ENCNTR_PRSNL_RELTN_ST,3,10086,1
243,MedicalRecord,V500,MIC_MEDIA_DEFAULT,2,3888,2
244,MedicalRecord,V500,PM_SCH_RESULT,1,817,1
245,MedicalRecord,V500,FHX_SECTION_DEF,1,3,2
246,MedicalRecord,V500,PRSNL_GROUP_POOL_ROUTING_R,2,8,1
247,MedicalRecord,V500,RAD_DOSE_SCAN,2,12,3
248,MedicalRecord,V500,FILL_CYCLE,1,2,1
249,MedicalRecord,V500,SCH_EVENT_RECUR,1,3,3
250,MedicalRecord,V500,SCH_LIST_RES,1,12,6
251,MedicalRecord,V500,ENCNTR_VALUE_CODE,1,3,1
252,MedicalRecord,V500,HM_PERSON_NOTIFICATION,1,10,1
253,MedicalRecord,V500,PATHWAY_NOTIFICATION,1,8,1
254,MedicalRecord,V500,CQM_LISTENER_REGISTRY,1,5,2
255,MedicalRecord,V500,WORKING_VIEW_FREQ_INTERVAL,1,64,2
256,MedicalRecord,V500,FHX_ACTIVITY,1,9,3
257,MedicalRecord,V500,PCS_ORDER_GROUP_R,1,28,3
258,MedicalRecord,V500,TPM_RULE_TIER,1,39,2
259,MedicalRecord,V500,POSITION_ROLE_TYPE,1,4,1
260,MedicalRecord,V500,PERSON_COMBINE,4,45911,5
261,MedicalRecord,V500,MSG_CONFIG,15,5126,12
262,MedicalRecord,V500,V500_EVENT_SET_EXPLODE,31,5965,14
263,MedicalRecord,V500,IMAGE_CLASS,25,702,10
264,MedicalRecord,V500,RAD_DEF_SERV_RES,3,40,1
265,MedicalRecord,V500,PFT_ENCNTR,34,5388,23
266,MedicalRecord,V500,ORDER_CATALOG_SYNONYM,162,4017,68
267,MedicalRecord,V500,ORDERS,441,14262,78
268,MedicalRecord,V500,TRACKING_PRV_RELN,14,132,10
269,MedicalRecord,V500,RESOURCE_GROUP,26,917,18
270,MedicalRecord,V500,SPECIMEN_CONTAINER,2,32,5
271,MedicalRecord,V500,CS_COMPONENT,23,234,4
272,MedicalRecord,V500,SCH_BOOKING,16,716,5
273,MedicalRecord,V500,ACCESSION_ORDER_R,26,1462,13
274,MedicalRecord,V500,SA_PREFERENCE_VALUE,1,4,2
275,MedicalRecord,V500,ENCNTR_PERSON_RELTN_HIST,15,15,1
276,MedicalRecord,V500,DCP_CUSTOM_COLS_SORT,3,30,1
277,MedicalRecord,V500,DM_PROCESS_QUEUE,19,291,2
278,MedicalRecord,V500,SCH_APPT,55,1759,20
279,MedicalRecord,V500,TRACKING_LOCATOR,34,222,17
280,MedicalRecord,V500,PRICE_SCHED,18,688,5
281,MedicalRecord,V500,CCR_CONTENT_VIEW_FILTER,2,395,2
282,MedicalRecord,V500,SCH_NOTIFY,2,33,1
283,MedicalRecord,V500,DM_TXN_TRACKING,8,1979,1
284,MedicalRecord,V500,DRC_DOSE_RANGE,1,10,5
285,MedicalRecord,V500,ORDER_DETAIL,77,3807,34
286,MedicalRecord,V500,FOLDER,12,255,8
287,MedicalRecord,V500,SCH_APPT_INTER,1,6,3
288,MedicalRecord,V500,SURGICAL_PROCEDURE,3,86,1
289,MedicalRecord,V500,SCD_SENTENCE,4,27,3
290,MedicalRecord,V500,ESI_LOG,20,20,13
291,MedicalRecord,V500,PM_SCH_SETUP,1,525,1
292,MedicalRecord,V500,TASK_SUBACTIVITY,21,144,4
293,MedicalRecord,V500,LOCATION_INV_INFO,4,157,4
294,MedicalRecord,V500,BE_ORG_RELTN,10,961,6
295,MedicalRecord,V500,SCH_SUB_LIST,7,51,5
296,MedicalRecord,V500,HIM_EVENT_ALLOCATION,2,4543,1
297,MedicalRecord,V500,ACCESSION,9,847,5
298,MedicalRecord,V500,PERSON_PERSON_RELTN_HIST,16,16,1
299,MedicalRecord,V500,MED_PRODUCT,14,739,10
300,MedicalRecord,V500,SCH_TEXT_LINK,7,81,5
301,MedicalRecord,V500,OUTBOUND_FIELD_PROCESSING,16,44,2
302,MedicalRecord,V500,NURSE_UNIT,4,309,4
303,MedicalRecord,V500,DCP_ENTITY_RELTN,10,748,7
304,MedicalRecord,V500,ICLASS_ACC_ORDER_R,12,264,8
305,MedicalRecord,V500,DIAGNOSIS_ACTION,13,19,1
306,MedicalRecord,V500,SCH_EVENT_DISP,20,808,11
307,MedicalRecord,V500,CE_EVENT_ORDER_LINK,11,85,4
308,MedicalRecord,V500,FILL_PRINT_HX,5,69,4
309,MedicalRecord,V500,IB_RX_REQ,11,44,4
310,MedicalRecord,V500,APP_PREFS,11,965,2
311,MedicalRecord,V500,OMF_DATE,9,905,1
312,MedicalRecord,V500,EXPEDITE_PARAMS_R,2,48,3
313,MedicalRecord,V500,MANUFACTURER_ITEM,9,564,8
314,MedicalRecord,V500,DRC_FORM_RELTN,1,10,5
315,MedicalRecord,V500,RAD_TECH_FMT_ERPRC_OVRD,1,24,1
316,MedicalRecord,V500,PREFDIR_DESCENDANT,5,1711,3
317,MedicalRecord,V500,PERSON_PERSON_RELTN,17,404,10
318,MedicalRecord,V500,HM_EXPECT_SERIES,1,4,2
319,MedicalRecord,V500,EEM_FILE,4,56,3
320,MedicalRecord,V500,HM_RECOMMENDATION_ACTION,2,17,1
321,MedicalRecord,V500,EEM_FILE_RELTN,4,56,3
322,MedicalRecord,V500,CONTAINER_LAB_HANDLING,1,235,1
323,MedicalRecord,V500,TRACKING_EVENT_ORD,3,140,4
324,MedicalRecord,V500,CE_STRING_RESULT,6,231,2
325,MedicalRecord,V500,RAD_OPS_EXCEPTION,3,12,2
326,MedicalRecord,V500,REF_TEXT_FACILITY_R,3,133,3
327,MedicalRecord,V500,PM_SCH_LIMIT,1,800,1
328,MedicalRecord,V500,RES_SIGN_ACT_SUBTYPE,1,12,5
329,MedicalRecord,V500,MSG_COLUMN_GRP,3,40,7
330,MedicalRecord,V500,CE_RTE_PRSNL_RELTN,1,200,1
331,MedicalRecord,V500,CCL_PROMPT_DEFINITIONS,1,8,2
332,MedicalRecord,V500,SCH_ACTION_DATE,3,18,1
333,MedicalRecord,V500,DA_BATCH_SCHED,1,24,2
334,MedicalRecord,V500,EXAM_REASON,1,12,3
335,MedicalRecord,V500,OMF_RADEXAM_ST,1,4,1
336,MedicalRecord,V500,WORKING_VIEW_PERSON,1,76,4
337,MedicalRecord,V500,CE_DATE_RESULT,1,16,1
338,MedicalRecord,V500,BILL_ORG_PAYOR,3,448,3
339,MedicalRecord,V500,PRSNL_RELTN,3,36,3
340,MedicalRecord,V500,APPLICATION_GROUP,1,10,2
341,MedicalRecord,V500,INVTN_FRAGMENT,1,3,2
342,MedicalRecord,V500,SCH_FREQ_DATE,1,3,3
343,MedicalRecord,V500,CONCEPT,2,5,1
344,MedicalRecord,V500,RAD_PROCEDURE_GROUP,1,4,2
345,MedicalRecord,V500,RAD_REQ_CONTROLS,2,77,1
346,MedicalRecord,V500,EXPEDITE_MANUAL,2,8,1
347,MedicalRecord,V500,PE_STATUS_REASON,2,509,3
348,MedicalRecord,V500,SUB_SECTION,1,3,3
349,MedicalRecord,V500,MIC_REQ_RPT,2,1944,2
350,MedicalRecord,V500,COND_EXPRESSION,2,691,2
351,MedicalRecord,V500,MLTM_RXB_ORDER_DISPENSE_MAP,1,9,1
352,MedicalRecord,V500,SCH_SEQ_GROUP,1,6,3
353,MedicalRecord,V500,SUBSCRIPTION,1,388,2
354,MedicalRecord,V500,PERSON_ABORH,3,74,1
355,MedicalRecord,V500,ORD_CAT_SENT_R,1,8,2
356,MedicalRecord,V500,ORC_RESOURCE_LIST,3,89,4
357,MedicalRecord,V500,ENCNTR_LEAVE,1,53,1
358,MedicalRecord,V500,DMS_SERVICE,1,28,1
359,MedicalRecord,V500,MLTM_RXB_ORDER,1,12,1
360,MedicalRecord,V500,CCL_PROMPT_PROPERTIES,1,8,2
361,MedicalRecord,V500,PFT_QUEUE_ITEM,1,144,3
362,MedicalRecord,V500,PREFDIR_VALUE,1,270,1
363,MedicalRecord,V500,ORDER_INGREDIENT,98,1001,26
364,MedicalRecord,V500,CQM_FSIESO_QUE,10,373,1
365,MedicalRecord,V500,SCH_APPT_OBJECT,2,7,1
366,MedicalRecord,V500,PATHWAY_CATALOG,15,604,15
367,MedicalRecord,V500,OMF_RADREPORT_ST,24,33,1
368,MedicalRecord,V500,DISCRETE_TASK_ASSAY,49,1611,24
369,MedicalRecord,V500,SCH_SCHEDULE,14,671,7
370,MedicalRecord,V500,BMDI_MONITORED_DEVICE,14,577,4
371,MedicalRecord,V500,DM_ENTITY_ACTIVITY,22,15909,1
372,MedicalRecord,V500,DCP_FORMS_ACTIVITY,13,535,6
373,MedicalRecord,V500,TASK_ACTIVITY_ASSIGNMENT,49,698,13
374,MedicalRecord,V500,HM_RECOMMENDATION,39,2675,1
375,MedicalRecord,V500,ORDER_PRODUCT,12,166,14
376,MedicalRecord,V500,WORKFLOW_TASK_QUEUE,25,1297,1
377,MedicalRecord,V500,PERSON_ALIAS_HIST,15,15,1
378,MedicalRecord,V500,TRACKING_ITEM,80,5539,24
379,MedicalRecord,V500,SCH_SLOT_TYPE,1,12,6
380,MedicalRecord,V500,ACCT_TEMPLATE,4,368,8
381,MedicalRecord,V500,SCH_CODE_GROUP,5,171,4
382,MedicalRecord,V500,ACT_PW_COMP_G,1,75,1
383,MedicalRecord,V500,RAD_DOSE_SCAN_ORDER_R,2,12,3
384,MedicalRecord,V500,ORDER_SERV_RES_CONTAINER,11,370,6
385,MedicalRecord,V500,ENCNTR_SLICE_REFERENCE,5,312,2
386,MedicalRecord,V500,DMS_CONTENT_TYPE,5,17,4
387,MedicalRecord,V500,ENCNTR_PENDING,8,193,1
388,MedicalRecord,V500,TRACKING_AUDIT,12,287,2
389,MedicalRecord,V500,CQM_OENINTERFACE_TR_1,38,1153,2
390,MedicalRecord,V500,PM_SCH_PREFERENCES,2,430,1
391,MedicalRecord,V500,SCH_EVENT_ROLE,1,15,1
392,MedicalRecord,V500,PERSON_CODE_VALUE_R,27,11742,2
393,MedicalRecord,V500,PW_PROCESSING_ACTION,16,318,2
394,MedicalRecord,V500,RAD_INT_CASE_R,1,1,5
395,MedicalRecord,V500,DCP_FORMS_DEF,3,115,6
396,MedicalRecord,V500,RX_WORK_ITEM_QUEUE,21,33,2
397,MedicalRecord,V500,CONTRIBUTOR_SYSTEM,3,165,2
398,MedicalRecord,V500,CMT_CONCEPT,3,8,2
399,MedicalRecord,V500,LIBRARY_GROUP,2,11,3
400,MedicalRecord,V500,RAD_FOL_UP_FIELD,3,48,9
401,MedicalRecord,V500,DEVICE_XREF,3,48,7
402,MedicalRecord,V500,CODE_VALUE_OUTBOUND_MODS,2,24,1
403,MedicalRecord,V500,SI_RESULT_SET_ORDER_RELTN,15,29,1
404,MedicalRecord,V500,PATHWAY,22,973,15
405,MedicalRecord,V500,ORG_EVENT_SET_RELTN,3,4575,6
406,MedicalRecord,V500,DM_PROCESS_EVENT_DTL,10,547,1
407,MedicalRecord,V500,PREFDIR_CONTEXT,1,297,1
408,MedicalRecord,V500,BED,8,62,5
409,MedicalRecord,V500,BMDI_DEVICE_PARAMETER,14,577,4
410,MedicalRecord,V500,MLTM_RXB_DICTIONARY,2,12,3
411,MedicalRecord,V500,DCP_FORMS_ACTIVITY_PRSNL,5,443,6
412,MedicalRecord,V500,DCP_INPUT_REF,3,122,6
413,MedicalRecord,V500,ALIAS_POOL,13,2700,4
414,MedicalRecord,V500,ZIP_DEFAULT,3,292,1
415,MedicalRecord,V500,RAD_VETTING_HOLD_DETAIL,2,12,3
416,MedicalRecord,V500,REMOTE_DEVICE,1,26,5
417,MedicalRecord,V500,ORDER_THERAP_SBSTTN,4,70,11
418,MedicalRecord,V500,PM_WAIT_LIST_HIST,6,182,7
419,MedicalRecord,V500,SCH_LOCK,7,103,2
420,MedicalRecord,V500,TIME_ZONE_R,7,167,5
421,MedicalRecord,V500,PATHWAY_RELTN,5,43,3
422,MedicalRecord,V500,RAD_EXAM_PRSNL,8,56,4
423,MedicalRecord,V500,SIGN_LINE_FORMAT,3,32,3
424,MedicalRecord,V500,CE_BLOB,4,129,1
425,MedicalRecord,V500,TPL_APPL,1,4,5
426,MedicalRecord,V500,PPR_CONSENT_POLICY,7,513,8
427,MedicalRecord,V500,CODE_VALUE_OUTBOUND,2,23,3
428,MedicalRecord,V500,ORDER_PRODUCT_DOSE,2,4,9
429,MedicalRecord,V500,OMF_FUNCTION,2,19,1
430,MedicalRecord,V500,ORDER_CATALOG_REVIEW,2,149,1
431,MedicalRecord,V500,MSG_ITEM_GRP_DTL_RELTN,3,30,6
432,MedicalRecord,V500,OUTCOME_ACTION,8,8,1
433,MedicalRecord,V500,SCH_LIST_SLOT,1,12,6
434,MedicalRecord,V500,PULL_ORD_SCHED,5,400,11
435,MedicalRecord,V500,CONFIG_PREFS,2,6,1
436,MedicalRecord,V500,LOC_RESOURCE_CALENDAR,1,144,1
437,MedicalRecord,V500,OMF_ST_FILL_SCRIPTS,2,19,1
438,MedicalRecord,V500,RAD_PROTOCOL_CONFIG,1,8,1
439,MedicalRecord,V500,RAD_FILM_ADJUST,3,16,3
440,MedicalRecord,V500,DTA_OFFSET_MIN,2,127,3
441,MedicalRecord,V500,DRC_GROUP_RELTN,1,10,5
442,MedicalRecord,V500,INVTN_PROGRAM,1,3,1
443,MedicalRecord,V500,SCH_APPT_SYN,4,55,2
444,MedicalRecord,V500,PROC_PRSNL_RELTN,3,1009,2
445,MedicalRecord,V500,ENCNTR_SLICE,4,309,3
446,MedicalRecord,V500,HIM_PV_CHART,1,156,1
447,MedicalRecord,V500,RESULT_EVENT,5,176,2
448,MedicalRecord,V500,UCM_CASE,6,167,7
449,MedicalRecord,V500,OMF_APP_CTX_MONTH_ST,2,25423,1
450,MedicalRecord,V500,COLLECTION_PRIORITY,9,2120,9
451,MedicalRecord,V500,OMF_RADTECH_ORDER_ST,2,8,1
452,MedicalRecord,V500,CHARGE_EVENT_ACT_PRSNL,4,878,4
453,MedicalRecord,V500,ORDER_SENTENCE_FILTER,1,16,1
454,MedicalRecord,V500,PCS_ORDER_GROUP,3,102,4
455,MedicalRecord,V500,RAD_PROTOCOL_ACT,1,4,4
456,MedicalRecord,V500,RAD_PACKET,4,164,3
457,MedicalRecord,V500,OMF_RULE_DTL,2,8,3
458,MedicalRecord,V500,SCH_APPT_ROUTING,3,10,2
459,MedicalRecord,V500,FILM_EXAM,2,252,3
460,MedicalRecord,V500,TRACK_COLLECTION_ELEMENT,1,4,2
461,MedicalRecord,V500,ENCNTR_CONDITION_CODE,1,3,1
462,MedicalRecord,V500,DM_ARC_ENV,1,1531,1
463,MedicalRecord,V500,ENCNTR_AUGM_CARE_PERIOD,1,3,1
464,MedicalRecord,V500,RAD_WORKLIST,2,8,2
465,MedicalRecord,V500,PREFDIR_TYPE,1,354,2
466,MedicalRecord,V500,EVENT_SIGNATURE_FLEX,1,93,1
467,MedicalRecord,V500,PROT_MASTER,1,3,2
468,MedicalRecord,V500,PROBLEM_ACTION,1,4,1
469,MedicalRecord,V500,MLTM_FREQUENCY_MULTIPLIER,1,6,2
470,MedicalRecord,V500,SCH_DISP_SCHEME,1,98,1
471,MedicalRecord,V500,CHARGE_BATCH_DETAIL,1,1,3
472,MedicalRecord,V500,SIGN_LINE_FORMAT_DETAIL,3,32,3
473,MedicalRecord,V500,SERVICE_CATEGORY_HIST,1,153,1
474,MedicalRecord,V500,IM_DEVICE,1,4,2
475,MedicalRecord,V500,DEPARTMENT,1,3,3
476,MedicalRecord,V500,PM_FLX_CONV_OPTIONS,1,6,2
477,MedicalRecord,V500,WORKING_VIEW_ITEM,1,82,3
478,MedicalRecord,V500,WP_TEMPLATE,1,4,6
479,MedicalRecord,V500,ORDER_TASK_XREF,6,176,7
480,MedicalRecord,V500,CE_CODED_RESULT,36,945,2
481,MedicalRecord,V500,ORDER_COMMENT,40,625,12
482,MedicalRecord,V500,EVENT_CD_GTMP,23,2210,4
483,MedicalRecord,V500,RAD_REPORT,45,584,24
484,MedicalRecord,V500,SCH_PREF,124,4165,1
485,MedicalRecord,V500,SHARED_LIST_GTTD,75,7024,47
486,MedicalRecord,V500,ACCESSION_SETUP,6,623,1
487,MedicalRecord,V500,MSG_ITEM_GRP,5,36,6
488,MedicalRecord,V500,SCH_EVENT,63,1409,22
489,MedicalRecord,V500,CQM_CONTRIBUTOR_CONFIG,8,35,1
490,MedicalRecord,V500,SCH_SIMPLE_ASSOC,8,322,3
491,MedicalRecord,V500,DM_PREFS,42,1563,1
492,MedicalRecord,V500,PRICE_SCHED_ITEMS,31,684,1
493,MedicalRecord,V500,SCD_TERM,6,60,7
494,MedicalRecord,V500,ENCNTR_PRSNL_RELTN_HISTORY,15,15,1
495,MedicalRecord,V500,WARNING_LABEL,8,447,5
496,MedicalRecord,V500,OPF_PUB_SUB_CONFIG,5,152,1
497,MedicalRecord,V500,MED_FLEX_OBJECT_IDX,54,2552,21
498,MedicalRecord,V500,ORD_RQSTN_ORD_R,16,149,4
499,MedicalRecord,V500,PENDING_COLLECTION,14,1427,9
500,MedicalRecord,V500,SCH_EVENT_COMM,12,106,2
501,MedicalRecord,V500,CODE_SET_EXTENSION,3,208,2
502,MedicalRecord,V500,PRIVILEGE,26,193,4
503,MedicalRecord,V500,MSG_CFG_CAT_RELTN,11,36,12
504,MedicalRecord,V500,MED_DEF_FLEX,68,3087,22
505,MedicalRecord,V500,ORG_ALIAS_POOL_RELTN,21,1943,15
506,MedicalRecord,V500,PRSNL_ALIAS,52,2345,9
507,MedicalRecord,V500,TPM_RULE_DEF,1,39,3
508,MedicalRecord,V500,ADDRESS_HIST,14,14,1
509,MedicalRecord,V500,EKS_NOTIFY_DEST,11,687,1
510,MedicalRecord,V500,TRACK_COMP_PREFS,3,30,3
511,MedicalRecord,V500,BILLING_ENTITY,14,1472,11
512,MedicalRecord,V500,TRACK_GROUP,10,250,7
513,MedicalRecord,V500,ENCNTR_PERSON_RELTN,43,1891,7
514,MedicalRecord,V500,CODE_VALUE_MODS,8,453,1
515,MedicalRecord,V500,ENCNTR_FLEX_HIST,25,441,1
516,MedicalRecord,V500,NETTING,19,1307,5
517,MedicalRecord,V500,ORDER_PROPOSAL,20,294,3
518,MedicalRecord,V500,ACCESSION_CLASS,3,235,2
519,MedicalRecord,V500,DCP_SHIFT_ASSIGNMENT,2,6,3
520,MedicalRecord,V500,ORDER_DISPENSE,23,814,20
521,MedicalRecord,V500,PERSON_PRSNL_ACTIVITY,5,301,13
522,MedicalRecord,V500,SCH_ENTRY,42,133,8
523,MedicalRecord,V500,ACT_PW_COMP_R,2,125,1
524,MedicalRecord,V500,CHARGE_EVENT,29,3128,23
525,MedicalRecord,V500,EPISODE,2,5,2
526,MedicalRecord,V500,CE_PRCS_QUEUE,14,633,1
527,MedicalRecord,V500,DOC_TRANSCRIPTION_QUEUE,1,3,1
528,MedicalRecord,V500,ENCNTR_ID_GTMP,17,1752,4
529,MedicalRecord,V500,PRIVILEGE_EXCEPTION,14,134,3
530,MedicalRecord,V500,APPLICATION_CONTEXT,4,16031,2
531,MedicalRecord,V500,IMAGE_CLASS_TYPE,14,520,11
532,MedicalRecord,V500,MESSAGING_FAVORITES,15,235,4
533,MedicalRecord,V500,ORD_RQSTN_ASSIGNMENT,3,174,1
534,MedicalRecord,V500,HM_EXPECT_MOD_HIST,2,527,4
535,MedicalRecord,V500,CCR_FILTER_VALUE,2,395,2
536,MedicalRecord,V500,HM_EXPECT_MOD,1,524,4
537,MedicalRecord,V500,PM_TRANSACTION2,9,1064,2
538,MedicalRecord,V500,EXAM_ROOM_LIB_GRP_RELTN,4,195,6
539,MedicalRecord,V500,ALT_SEL_CAT,12,599,15
540,MedicalRecord,V500,ROLE_TYPE_RELTN,1,4,1
541,MedicalRecord,V500,CLINICAL_EVENT,208,34977,38
542,MedicalRecord,V500,NOMENCLATURE,99,7138,35
543,MedicalRecord,V500,ORDER_CATALOG,138,2224,46
544,MedicalRecord,V500,PRIV_LOC_RELTN,19,394,4
545,MedicalRecord,V500,PERSON_ALIAS,95,25967,15
546,MedicalRecord,V500,CE_EVENT_NOTE,11,96,3
547,MedicalRecord,V500,ADDRESS,77,4949,9
548,MedicalRecord,V500,ENCNTR_INFO,10,24,3
549,MedicalRecord,V500,ITEM_LOCATION_COST,6,216,2
550,MedicalRecord,V500,CE_RESULT_SET_LINK,26,1567,2
551,MedicalRecord,V500,ORDER_ENTRY_FIELDS,30,605,6
552,MedicalRecord,V500,SCH_EVENT_PATIENT,35,1305,18
553,MedicalRecord,V500,TRACKING_CHECKIN,40,582,20
554,MedicalRecord,V500,PULL_LIST_CONTROLS,4,163,1
555,MedicalRecord,V500,STRT_BMDI_MODEL_PARAMETER,14,577,4
556,MedicalRecord,V500,CATALOG_EVENT_SETS,1,11,2
557,MedicalRecord,V500,REF_TEXT_RELTN,6,820,1
558,MedicalRecord,V500,EEM_PROFILE,1,20,2
559,MedicalRecord,V500,TRACKING_EVENT_HISTORY,1,4,2
560,MedicalRecord,V500,OUTPUT_DEST,21,1597,17
561,MedicalRecord,V500,CODE_VALUE_GROUP,30,1831,10
562,MedicalRecord,V500,IM_STUDY,20,48,6
563,MedicalRecord,V500,PHONE_HIST,15,15,1
564,MedicalRecord,V500,CE_CALCULATION_RESULT,11,36,1
565,MedicalRecord,V500,ORD_RQSTN,20,268,2
566,MedicalRecord,V500,PM_WAIT_LIST,28,609,10
567,MedicalRecord,V500,PROBLEM_DISCIPLINE,1,4,1
568,MedicalRecord,V500,ORDER_ORDER_RELTN,5,104,1
569,MedicalRecord,V500,IM_ACQUIRED_STUDY,5,26,4
570,MedicalRecord,V500,PPR_CONSENT_STATUS,5,263,7
571,MedicalRecord,V500,ORG_TYPE_RELTN,10,612,7
572,MedicalRecord,V500,STORED_AT,2,152,1
573,MedicalRecord,V500,CCR_VIEW,3,192,4
574,MedicalRecord,V500,TRACKING_AUDIT_ELEMENT,12,288,2
575,MedicalRecord,V500,QUANTITY_ON_HAND,2,140,2
576,MedicalRecord,V500,MSG_CATEGORY,13,52,14
577,MedicalRecord,V500,SERV_RES_EXT_PHARM,7,217,3
578,MedicalRecord,V500,OMF_RADMGMT_ORDER_ST,6,23,1
579,MedicalRecord,V500,IM_CONFIGURATION,12,409,1
580,MedicalRecord,V500,PM_FLX_ACTION,2,102,1
581,MedicalRecord,V500,BB_ORDER_PHASE,5,112,3
582,MedicalRecord,V500,NORMALIZED_STRING_INDEX,1,7,2
583,MedicalRecord,V500,TRACKABLE_OBJECT,16,258,12
584,MedicalRecord,V500,SCH_LIST_ROLE,3,60,10
585,MedicalRecord,V500,SCH_RESOURCE,8,338,8
586,MedicalRecord,V500,ENCNTR_DOMAIN,5,255,3
587,MedicalRecord,V500,PERSON_ORG_RELTN,41,2264,10
588,MedicalRecord,V500,OE_FIELD_MEANING,13,98,3
589,MedicalRecord,V500,COLLECTION_CLASS,2,255,8
590,MedicalRecord,V500,MAMMO_STUDY,6,51,9
591,MedicalRecord,V500,PULL_LIST,4,242,10
592,MedicalRecord,V500,DM_PROCESS,1,2,1
593,MedicalRecord,V500,PROXY_GROUP,1,4,3
594,MedicalRecord,V500,TRACK_PT_LIBRARY,3,83,3
595,MedicalRecord,V500,SCHEDULED_DAY_OF_WEEK,7,128,2
596,MedicalRecord,V500,TASK_RELTN,2,12,3
597,MedicalRecord,V500,PM_WAIT_LIST_STATUS,3,14,4
598,MedicalRecord,V500,AUTH_DETAIL,5,155,1
599,MedicalRecord,V500,CODING,6,760,8
600,MedicalRecord,V500,PERSON_ORG_RELTN_HIST,16,16,1
601,MedicalRecord,V500,SIGN_LINE_DTA_R,3,55,6
602,MedicalRecord,V500,NOTE_TYPE,8,324,8
603,MedicalRecord,V500,SCH_EVENT_ALIAS,8,194,10
604,MedicalRecord,V500,HM_HEALTH_FACT_DEFINITION,2,103,3
605,MedicalRecord,V500,CHARGE_MOD,8,632,7
606,MedicalRecord,V500,PW_CAT_SYNONYM,6,29,12
607,MedicalRecord,V500,CODE_VALUE_EVENT_R,16,397,11
608,MedicalRecord,V500,CODE_VALUE_ALIAS,7,1846,4
609,MedicalRecord,V500,TEAM_MEM_PPR_RELTN,1,3,2
610,MedicalRecord,V500,ORG_SET_TYPE_R,4,93,4
611,MedicalRecord,V500,OMF_ST_REQUEST,2,19,1
612,MedicalRecord,V500,LOC_RESOURCE_R,3,93,6
613,MedicalRecord,V500,DRG_EXTENSION,1,153,1
614,MedicalRecord,V500,TASK_DISCRETE_R,6,57,6
615,MedicalRecord,V500,OMF_CODING_ST,1,150,1
616,MedicalRecord,V500,OMF_ENCNTR_ST,10,1339,2
617,MedicalRecord,V500,ENCNTR_SLICE_ACT,2,153,2
618,MedicalRecord,V500,RX_LOC_RESOURCE_RELTN,5,122,1
619,MedicalRecord,V500,BE_AT_RELTN,4,407,5
620,MedicalRecord,V500,DCP_PL_ARGUMENT,1,30,1
621,MedicalRecord,V500,IO_TOTAL_DEFINITION,2,653,1
622,MedicalRecord,V500,ORDER_PRIORITY_FLEXING,1,4,1
623,MedicalRecord,V500,CCL_REPORT_AUDIT,1,4,1
624,MedicalRecord,V500,ORG_TRANS_IDENT,2,184,1
625,MedicalRecord,V500,CONTAINER_EVENT,2,66,1
626,MedicalRecord,V500,SHARED_VALUE_GTTD,11,40,3
627,MedicalRecord,V500,OUTCOME_CAT_CRITERIA,2,15,3
628,MedicalRecord,V500,HEALTH_PLAN_ALIAS,3,28,1
629,MedicalRecord,V500,SA_PREFERENCE,1,4,2
630,MedicalRecord,V500,CONDITIONAL_DTA,1,528,1
631,MedicalRecord,V500,EXPEDITE_COPY,4,16,4
632,MedicalRecord,V500,AUTHORIZATION,5,172,1
633,MedicalRecord,V500,CV_CASE,2,153,3
634,MedicalRecord,V500,SYNONYM_ITEM_R,2,4,8
635,MedicalRecord,V500,MSG_ITM_GRP_CAT_RELTN,5,36,6
636,MedicalRecord,V500,PW_COMP_GROUP,1,3,1
637,MedicalRecord,V500,SCH_DATE_EXCEPT,1,3,1
638,MedicalRecord,V500,DEPT_DUP_CHECK,1,48,1
639,MedicalRecord,V500,BORROWER_LENDER,4,121,7
640,MedicalRecord,V500,SCH_APPT_ORD,1,1,3
641,MedicalRecord,V500,PM_QST_QUESTIONNAIRE,1,3,1
642,MedicalRecord,V500,CODE_VALUE_SET,2,805,2
643,MedicalRecord,V500,PW_COMP_ACTION,1,12,1
644,MedicalRecord,V500,HIM_PV_PHYSICIAN,3,462,1
645,MedicalRecord,V500,INVTN_WORKFLOW_STATUS,1,3,2
646,MedicalRecord,V500,ORDER_SCHEDULE_EXCEPTION,3,21,1
647,MedicalRecord,V500,RAD_WORKLIST_FAVORITES,1,4,2
648,MedicalRecord,V500,PW_COMP_CAT_RELTN,1,6,1
649,MedicalRecord,V500,ENCNTR_OCCURRENCE_CODE,1,3,1
650,MedicalRecord,V500,SCH_SEQ_LIST,1,6,3
651,MedicalRecord,V500,SCH_SCHEDULE_MOVE,2,27,4
652,MedicalRecord,V500,PM_SCH_FILTER,1,799,1
653,MedicalRecord,V500,DRC_PREMISE,1,10,5
654,MedicalRecord,V500,REFERENCE_RANGE_FACTOR,3,681,3
655,MedicalRecord,V500,REQUEST_PROCESSING,2,8,1
656,MedicalRecord,V500,EQUATION,2,675,3
657,MedicalRecord,V500,CKI_ENTITY_RELTN,1,94,1
658,MedicalRecord,V500,ROOM,1,4,3
659,MedicalRecord,V500,OMF_ENCNTR_TYPE_HIST_ST,2,309,1
660,MedicalRecord,V500,ORDER_ACTION,230,5616,34
661,MedicalRecord,V500,DIAGNOSIS,23,1581,13
662,MedicalRecord,V500,ORDER_RADIOLOGY,110,1834,51
663,MedicalRecord,V500,ACT_PW_COMP,18,370,15
664,MedicalRecord,V500,PREFDIR_ENTRYDATA,10,44912,4
665,MedicalRecord,V500,ORG_SET_PRSNL_R,5,253,4
666,MedicalRecord,V500,PROBLEM_PRSNL_R,3,587,4
667,MedicalRecord,V500,FREQUENCY_SCHEDULE,47,2127,3
668,MedicalRecord,V500,LONG_TEXT_REFERENCE,20,2251,16
669,MedicalRecord,V500,CE_EVENT_PRSNL,17,1069,13
670,MedicalRecord,V500,UM_CHARGE_EVENT_ST,5,636,2
671,MedicalRecord,V500,PERSON_NAME,157,7598,12
672,MedicalRecord,V500,EXAM_FOLDER,5,246,5
673,MedicalRecord,V500,ORG_PLAN_RELTN,12,350,7
674,MedicalRecord,V500,SCD_STORY_PATTERN,5,32,5
675,MedicalRecord,V500,MED_DISPENSE,16,719,15
676,MedicalRecord,V500,TRACING_TICKET,11,371,1
677,MedicalRecord,V500,PW_COMP_RELTN,1,3,2
678,MedicalRecord,V500,LOCATION_GROUP,41,4031,7
679,MedicalRecord,V500,PM_FLX_PROMPT,4,53,2
680,MedicalRecord,V500,ORG_CONTRIBUTOR_SYS_RELTN,5,121,1
681,MedicalRecord,V500,PERSON_PRSNL_RELTN,37,3906,10
682,MedicalRecord,V500,DCP_SECTION_REF,4,209,6
683,MedicalRecord,V500,LONG_BLOB_REFERENCE,5,118,4
684,MedicalRecord,V500,ORDER_SUPPLY_REVIEW,4,11,3
685,MedicalRecord,V500,TRACKING_ENCNTR_EXTENSION,15,21,1
686,MedicalRecord,V500,ORDER_IV_INFO,42,254,6
687,MedicalRecord,V500,MEDICATION_DEFINITION,22,770,17
688,MedicalRecord,V500,SCH_COMMENT,1,15,3
689,MedicalRecord,V500,TRACK_EVENT,21,315,6
690,MedicalRecord,V500,ENCNTR_CODE_VALUE_R,10,3686,1
691,MedicalRecord,V500,MAMMO_STUDY_PRSNL,4,21,1
692,MedicalRecord,V500,SCH_OBJECT,1,3,1
693,MedicalRecord,V500,SCR_PARAGRAPH_TYPE,1,12,3
694,MedicalRecord,V500,PM_TRANSACTION,29,1697,17
695,MedicalRecord,V500,CE_EVENT_ACTION_MODIFIER,17,58,1
696,MedicalRecord,V500,RAD_REPORT_PRSNL,30,155,13
697,MedicalRecord,V500,DISPENSE_CATEGORY,5,147,10
698,MedicalRecord,V500,PROC_CLASSIFICATION,5,29,11
699,MedicalRecord,V500,DRG,4,603,4
700,MedicalRecord,V500,CONTAINER,13,818,9
701,MedicalRecord,V500,DETAIL_PREFS,12,2852,3
702,MedicalRecord,V500,ORDER_LABORATORY,4,1748,8
703,MedicalRecord,V500,ALIAS_POOL_SEQ,2,18,1
704,MedicalRecord,V500,CE_LINKED_RESULT,21,578,3
705,MedicalRecord,V500,PRSNL_GROUP,11,2278,11
706,MedicalRecord,V500,ACCOUNT,14,2273,12
707,MedicalRecord,V500,CHARGE_EVENT_ACT,11,2153,5
708,MedicalRecord,V500,SCH_APPT_DEF,6,427,4
709,MedicalRecord,V500,NOMEN_ENTITY_RELTN,12,1288,5
710,MedicalRecord,V500,ORDER_FUTURE_INFO,13,24,1
711,MedicalRecord,V500,MLTM_DRUG_ID,1,6,2
712,MedicalRecord,V500,ALLERGY_REVIEW_HIST,11,11,1
713,MedicalRecord,V500,ORDER_SUPPLY_LOCATION,1,3,1
714,MedicalRecord,V500,LAB_HANDLING,1,24,1
715,MedicalRecord,V500,WORKING_VIEW_SECTION,2,158,6
716,MedicalRecord,V500,ORDER_ENTRY_FORMAT,3,17,1
717,MedicalRecord,V500,ORDER_TASK_POSITION_XREF,4,250,1
718,MedicalRecord,V500,DM_PROCESS_EVENT,14,330,1
719,MedicalRecord,V500,AUDIT_NAME_DEF,2,325,3
720,MedicalRecord,V500,VIEW_PREFS,5,901,3
721,MedicalRecord,V500,DOSE_CALCULATOR_UOM,3,24,2
722,MedicalRecord,V500,MSG_CONFIG_PUB_ASNMNT,10,4810,4
723,MedicalRecord,V500,DATA_MAP,1,115,1
724,MedicalRecord,V500,V500_EVENT_CODE,10,424,6
725,MedicalRecord,V500,RX_PRINTER_LOCATION_R,2,52,1
726,MedicalRecord,V500,ORDER_SENTENCE,7,153,15
727,MedicalRecord,V500,APP_TRANSLATION,1,144,1
728,MedicalRecord,V500,EKS_DLG_EVENT_ATTR,2,77,2
729,MedicalRecord,V500,RAD_PROCEDURE_ASSOC,3,19,4
730,MedicalRecord,V500,SCD_TERM_DATA,9,72,8
731,MedicalRecord,V500,MED_COST_HX,5,245,7
732,MedicalRecord,V500,ORDER_NOTIFICATION,4,15,5
733,MedicalRecord,V500,SCH_QUERY,2,20,1
734,MedicalRecord,V500,BE_DOMAIN,1,156,3
735,MedicalRecord,V500,DUP_CHECKING,2,179,1
736,MedicalRecord,V500,CLINICAL_SERVICE_RELTN,4,121,3
737,MedicalRecord,V500,CODE_VALUE_EXTNSN_MODS,3,66,1
738,MedicalRecord,V500,UCM_CASE_STEP,2,88,6
739,MedicalRecord,V500,ITEM_DEFINITION,2,2,8
740,MedicalRecord,V500,COLLECTION_INFO_QUAL_HIST,2,30,1
741,MedicalRecord,V500,TRACKING_EVT_CMT,1,16,4
742,MedicalRecord,V500,ORG_SET_ORG_R,4,93,4
743,MedicalRecord,V500,OMF_RULES,3,12,3
744,MedicalRecord,V500,MAMMO_FOLLOW_UP,1,28,9
745,MedicalRecord,V500,DCP_CARE_TEAM_PRSNL,2,6,3
746,MedicalRecord,V500,NOMEN_CAT_LIST,1,3,2
747,MedicalRecord,V500,PHASE_GROUP,5,112,3
748,MedicalRecord,V500,ORDER_INGREDIENT_DOSE,6,33,12
749,MedicalRecord,V500,PM_FLX_TASK_CONV_RELTN,2,25,2
750,MedicalRecord,V500,ORDER_ALERTS,1,9,2
751,MedicalRecord,V500,TRACKING_COMMENT,1,16,2
752,MedicalRecord,V500,PATHWAY_COMP,3,106,4
753,MedicalRecord,V500,SCR_TERM_TEXT,1,24,4
754,MedicalRecord,V500,OMF_ORDER_ST,1,3,1
755,MedicalRecord,V500,AUDIT_EVENT,2,325,3
756,MedicalRecord,V500,BMDI_ACQUIRED_DATA_TRACK,1,3,1
757,MedicalRecord,V500,RAD_EXAM_ROOM,3,11,5
758,MedicalRecord,V500,RAD_PRIOR_PREFS,1,4,2
759,MedicalRecord,V500,RAD_FOLLOW_UP_RECALL,1,1,2
760,MedicalRecord,V500,WORKING_VIEW_PERSONITEM,1,76,4
761,MedicalRecord,V500,PROP_ORDER,2,84,1
762,MedicalRecord,V500,SYS_CHG_MESSAGE,1,1367,3
763,MedicalRecord,V500,ECO_ACTION_QUEUE,2,14,1
764,MedicalRecord,V500,MIC_ORDER_LAB,2,53,1
765,MedicalRecord,V500,PAT_ED_FOLLOWUP_FAVORITES,1,8,1
766,MedicalRecord,V500,CCR_CONTENT,1,34,4
767,MedicalRecord,V500,OUTBOUND_SELECTION,1,3,1
768,MedicalRecord,V500,DCP_PL_ENCNTR_FILTER,1,30,1
769,MedicalRecord,V500,EQUATION_COMPONENT,1,115,3
770,MedicalRecord,V500,TRACKING_HOLD,1,26,1
771,MedicalRecord,V500,V500_EVENT_SET_CANON,2,40,2
772,MedicalRecord,V500,ROUTE_START_TIME,2,11,3
773,MedicalRecord,V500,LABEL_PRINTER_DEF,1,40,1
774,MedicalRecord,V500,HM_EXPECT_SAT,4,126,3
775,MedicalRecord,V500,DRG_ENCNTR_EXTENSION,2,303,4
776,MedicalRecord,V500,PW_PT_RELTN,1,3,2
777,MedicalRecord,V500,DM_STAT_RESEND_RETRY,1,6,1
778,MedicalRecord,V500,PAT_ED_DOC_FOLLOWUP,2,21,2
779,MedicalRecord,V500,SYS_CHG_NOTIFICATION,1,1367,3
780,MedicalRecord,V500,ENCNTR_CARE_MGMT,1,3,1
781,MedicalRecord,V500,MLTM_COMBINATION_DRUG,1,8,1
782,MedicalRecord,V500,SCH_RESOURCE_LIST,1,12,6
783,MedicalRecord,V500,SCH_APPT_PRODUCT,1,49,2
784,MedicalRecord,V500,REMOTE_DEVICE_TYPE,1,28,1
785,MedicalRecord,V500,PM_LOC_ATTRIB,1,6,1
786,MedicalRecord,V500,PM_QUE_DISTRIBUTION,1,3,2
787,MedicalRecord,V500,LONG_TEXT,175,6099,60
788,MedicalRecord,V500,ENCNTR_PRSNL_RELTN,63,6053,17
789,MedicalRecord,V500,RAD_PACKET_COMPONENT,3,135,3
790,MedicalRecord,V500,DCP_PL_PRIORITIZATION,10,26,1
791,MedicalRecord,V500,ENTITY_LOCK,7,208,1
792,MedicalRecord,V500,PROBLEM,10,1237,5
793,MedicalRecord,V500,INVTN_PROGRAM_GROUP_RELTN,1,3,3
794,MedicalRecord,V500,RESULT,5,176,2
795,MedicalRecord,V500,CCR_SET,1,34,4
796,MedicalRecord,V500,ALLERGY,43,1738,6
797,MedicalRecord,V500,BMDI_ACQUIRED_RESULTS,14,577,4
798,MedicalRecord,V500,EKS_DLG_EVENT,3,78,2
799,MedicalRecord,V500,CQM_OENINTERFACE_QUE,22,2164,1
800,MedicalRecord,V500,PERSON_PATIENT_HIST,12,12,1
801,MedicalRecord,V500,PERSON_PATIENT,34,7231,8
802,MedicalRecord,V500,CE_BLOB_RESULT,8,367,2
803,MedicalRecord,V500,TRACKING_EVENT,30,273,16
804,MedicalRecord,V500,MED_INGRED_SET,5,473,8
805,MedicalRecord,V500,ALLERGY_COMMENT,12,306,4
806,MedicalRecord,V500,CQM_LISTENER_CONFIG,20,52,3
807,MedicalRecord,V500,LOGICAL_DOMAIN,9,14353,3
808,MedicalRecord,V500,TRACK_REFERENCE,16,162,11
809,MedicalRecord,V500,ENCNTR_LOC_HIST,29,1422,5
810,MedicalRecord,V500,SCH_EVENT_DETAIL,6,39,2
811,MedicalRecord,V500,TRACK_LOCATION_PARAM,4,48,2
812,MedicalRecord,V500,PRINTER,6,168,5
813,MedicalRecord,V500,MESSAGING_NOTIFY,2,22,1
814,MedicalRecord,V500,EKS_NOTIFY_PERSN_R,2,626,3
815,MedicalRecord,V500,TRACKING_PRSNL,20,202,11
816,MedicalRecord,V500,OEN_TXLOG,12,12,1
817,MedicalRecord,V500,PERSON_INFO,8,69,4
818,MedicalRecord,V500,OMF_RADREPEAT_ORDER_ST,2,8,1
819,MedicalRecord,V500,ACTIVITY_DATA_RELTN,38,622,2
820,MedicalRecord,V500,ORGANIZATION_ALIAS,6,441,4
821,MedicalRecord,V500,PROCEDURE,8,945,5
822,MedicalRecord,V500,INVTN_PROGRAM_GROUP,1,3,3
823,MedicalRecord,V500,MED_OE_DEFAULTS,19,1074,10
824,MedicalRecord,V500,PERSON_FLEX_HIST,13,13,1
825,MedicalRecord,V500,CLINICAL_NOTE_TEMPLATE,8,284,8
826,MedicalRecord,V500,OMF_EVENTS,4,16,4
827,MedicalRecord,V500,SCH_USER_LINK,3,3,1
828,MedicalRecord,V500,CV_XREF,1,4424,1
829,MedicalRecord,V500,PC_ATTRIBUTE_VALUE,2,8,2
830,MedicalRecord,V500,EXAM_DATA,9,521,11
831,MedicalRecord,V500,HOLD_RULE,1,6,1
832,MedicalRecord,V500,ROUTE_FORM_R,3,5,9
833,MedicalRecord,V500,CCR_SECTION,2,121,1
834,MedicalRecord,V500,HIM_EVENT_EXTENSION,4,4581,6
835,MedicalRecord,V500,PM_HIST_TRACKING,6,514,1
836,MedicalRecord,V500,PROC_MODIFIER,3,161,3
837,MedicalRecord,V500,BB_ORDER_CELL,5,112,1
838,MedicalRecord,V500,DCP_FORMS_REF,9,5023,10
839,MedicalRecord,V500,REGIMEN_CATALOG,2,10,11
840,MedicalRecord,V500,AT_ACCT_RELTN,4,411,6
841,MedicalRecord,V500,PFT_CHARGE,4,221,5
842,MedicalRecord,V500,RAD_RES_INFO,6,37,6
843,MedicalRecord,V500,PREFDIR_GROUP,4,1656,3
844,MedicalRecord,V500,MLTM_PRODUCT_STRENGTH,1,12,2
845,MedicalRecord,V500,PROXY,1,4,1
846,MedicalRecord,V500,SCH_APPT_STATE,3,7,2
847,MedicalRecord,V500,PRSNL_LOC_TEMPLATE_RELTN,1,64,4
848,MedicalRecord,V500,PREDEFINED_PREFS,4,88,2
849,MedicalRecord,V500,EPISODE_ENCNTR_RELTN,2,5,2
850,MedicalRecord,V500,MLTM_RXB_ORD_CLINICAL_RTE_MAP,1,9,1
851,MedicalRecord,V500,ASSAY_RESOURCE_LIST,3,22,4
852,MedicalRecord,V500,UCMR_CASE_TYPE,1,8,3
853,MedicalRecord,V500,SCH_BOOKING_ORD,3,14,1
854,MedicalRecord,V500,EEM_FILE_CHECK,4,56,3
855,MedicalRecord,V500,IDENTITY_ASSERTION,1,6,1
856,MedicalRecord,V500,OMF_APC_CODING_ST,1,150,1
857,MedicalRecord,V500,PFT_ACCT_RELTN,2,218,4
858,MedicalRecord,V500,ACCESSION_ASSIGNMENT,6,350,1
859,MedicalRecord,V500,MSG_ENCNTR_GRP,2,16,7
860,MedicalRecord,V500,SCH_ACTION_LINK,1,30,1
861,MedicalRecord,V500,WORKING_VIEW,1,82,3
862,MedicalRecord,V500,RAD_TEMPLATE_GROUP,1,4,6
863,MedicalRecord,V500,ENCNTR_COMBINE_DET,2,517,3
864,MedicalRecord,V500,MLTM_RXB_ORD_DOSE_AMOUNT,1,9,1
865,MedicalRecord,V500,RX_CURVE,1,6,4
866,MedicalRecord,V500,OMF_CLINICAL_EVENT_ST,1,360,1
867,MedicalRecord,V500,OUTCOME_CATALOG,5,124,6
868,MedicalRecord,V500,SCD_PARAGRAPH,4,123,5
869,MedicalRecord,V500,SCH_APPT_TYPE,7,156,5
870,MedicalRecord,V500,OEN_PROCINFO,1,5,1
871,MedicalRecord,V500,HIM_REQUEST,2,9,1
872,MedicalRecord,V500,RX_METHOD,1,138,2
873,MedicalRecord,V500,DCP_PL_RELTN,1,30,2
874,MedicalRecord,V500,SCD_BLOB,3,111,5
875,MedicalRecord,V500,CCR_SECTION_CRITERIA,2,121,1
876,MedicalRecord,V500,STATION,1,26,5
877,MedicalRecord,V500,PATHWAY_REVIEW,1,19,2
878,MedicalRecord,V500,ENCNTR_FINANCIAL,2,679,3
879,MedicalRecord,V500,OMF_GROUPINGS,4,429,1
880,MedicalRecord,V500,RAD_FOLLOW_UP_CONTROL,2,15,2
881,MedicalRecord,V500,RX_METHOD_FAC_RELTN,1,138,2
882,MedicalRecord,V500,INTERVAL_TABLE,2,78,2
883,MedicalRecord,V500,PAT_ED_DOC_ACTIVITY,3,22,5
884,MedicalRecord,V500,CODE_VALUE_CHANGES,1,9,1
885,MedicalRecord,V500,PSN_PPR_RELTN,1,23,2
886,MedicalRecord,V500,SCH_ACTION_ROLE,1,3,4
887,MedicalRecord,V500,CODED_EXAM_REASON,1,12,3
888,MedicalRecord,V500,QUESTION,1,19,1
889,MedicalRecord,V500,RAD_LOAN_INFO,1,8,7
890,MedicalRecord,V500,PM_LOCK,1,3,1
891,MedicalRecord,V500,PC_ATTRIBUTE,2,8,1
892,MedicalRecord,V500,ORDER_SENTENCE_DETAIL,1,92,1
893,MedicalRecord,V500,CMT_SUBSET,1,3,1
894,MedicalRecord,V500,MESSAGE_TYPE_TEMPLATE_RELTN,1,16,5
895,MedicalRecord,V500,EEM_BENEFIT,1,3,3
896,MedicalRecord,V500,TPL_SOLU,1,4,5
897,MedicalRecord,V500,SCH_FREQ,1,3,3
898,MedicalRecord,V500,NOMEN_CATEGORY,1,3,2
899,MedicalRecord,V500,HM_EXPECT,1,4,2
900,MedicalRecord,V500,RAD_TECH_FLD_FMT_R,1,4,4
901,MedicalRecord,V500,PM_QST_QUESTION,1,3,2
902,MedicalRecord,V500,NOTE_PHRASE,1,170,1
903,MedicalRecord,V500,CODE_VALUE_EXTENSION,248,25898,23
904,MedicalRecord,V500,ENCOUNTER,370,49340,102
905,MedicalRecord,V500,PRSNL,247,68254,99
906,MedicalRecord,V500,CODE_VALUE,495,68894,72
907,MedicalRecord,V500,FILTER_TYPE_DATA,1,41,1
908,MedicalRecord,V500,INTERP_DATA,4,106,2
909,MedicalRecord,V500,PREFDIR_ENTRY,1,274,1
910,MedicalRecord,V500,ECO_QUEUE,5,35,3
911,MedicalRecord,V500,MLTM_NDC_MAIN_DRUG_CODE,3,21,4
912,MedicalRecord,V500,FHX_ACTIVITY_R,1,9,3
913,MedicalRecord,V500,SERVICE_DIRECTORY,12,220,3
914,MedicalRecord,V500,SCH_ACTION_NOTIFY,5,174,3
915,MedicalRecord,V500,CCR_FILTER,2,590,1
916,MedicalRecord,V500,SCH_ACTION_LOC,4,12,6
917,MedicalRecord,V500,PRSNL_RELTN_ACTIVITY,8,186,4
918,MedicalRecord,V500,REF_TEXT_VERSION,3,133,3
919,MedicalRecord,V500,SCH_LOC_BOOKING,1,3,1
920,MedicalRecord,V500,MSG_COLUMN_GRP_DTL_RELTN,5,46,9
921,MedicalRecord,V500,REGIMEN_CAT_SYNONYM,2,10,11
922,MedicalRecord,V500,COLLECTION_INFO_QUALIFIERS,3,32,4
923,MedicalRecord,V500,RT_COUNTS,2,2,1
924,MedicalRecord,V500,FT_PRSNL_CONTACT,1,84,4
925,MedicalRecord,V500,HNA_EXCEPT_AUDIT,1,254,1
926,MedicalRecord,V500,OMF_ACTION_PRODUCT,2,19,1
927,MedicalRecord,V500,PFT_QUEUE_DEFINITION,1,155,1
928,MedicalRecord,V500,SCH_SUB_TEXT,2,36,2
929,MedicalRecord,V500,SCD_STORY_CONCEPT,3,39,1
930,MedicalRecord,V500,APPLICATION,1,912,1
931,MedicalRecord,V500,RAD_TECH_FIELD,3,24,5
932,MedicalRecord,V500,ORDER_OPS,1,30,1
933,MedicalRecord,V500,ICLASS_PERSON_RELTN,6,268,7
934,MedicalRecord,V500,PAT_ED_DOC_LEAFLET_ACTIVITY,3,16,3
935,MedicalRecord,V500,OMF_RADTRANS_ORDER_ST,1,4,1
936,MedicalRecord,V500,SCH_APPT_FREE,1,3,1
937,MedicalRecord,V500,EMAIL_INFO,2,86,6
938,MedicalRecord,V500,CCR_CONTENT_SECTION_RELTN,1,34,1
939,MedicalRecord,V500,ESI_STATISTIC,3,253,1
940,MedicalRecord,V500,MLTM_RXB_ORDER_PRN_MAP,1,6,2
941,MedicalRecord,V500,MEDIA_EXAM,2,252,3
942,MedicalRecord,V500,CE_AUDIT_LOG,2,252,1
943,MedicalRecord,V500,IM_DEVICE_RESOURCE_R,2,77,1
944,MedicalRecord,V500,OMF_EXPRESS_DICTIONARY,2,8,2
945,MedicalRecord,V500,CV_DATASET,2,153,3
946,MedicalRecord,V500,SCR_PATTERN,6,35,5
947,MedicalRecord,V500,FILTER_TYPE,1,41,1
948,MedicalRecord,V500,ENCNTR_PROCEDURE,1,6,1
949,MedicalRecord,V500,RAD_CONFIGURATION,1,28,1
950,MedicalRecord,V500,TASK_ACCESS,1,10,2
951,MedicalRecord,V500,RAD_TEMPLATE_ASSOC,1,4,6
952,MedicalRecord,V500,ORDER_DIAG_CONFIG,1,22,1
953,MedicalRecord,V500,ACCESSION_ASSIGN_POOL,4,444,2
954,MedicalRecord,V500,PM_QST_ANSWER,1,3,2
955,MedicalRecord,V500,SCH_APPT_DUP,1,12,1
956,MedicalRecord,V500,CCR_USER_FILTER,2,139,1
957,MedicalRecord,V500,PW_COMP_ACT_RELTN,1,19,1
958,MedicalRecord,V500,MESSAGING_OUT_OF_OFFICE,1,35,1
959,MedicalRecord,V500,RAD_WORKLIST_FILTER,1,12,1
960,MedicalRecord,V500,ORDER_PROPOSAL_INGREDIENT,1,76,2
961,MedicalRecord,V500,HNA_RECONCILE_EXCEPT,1,6,1
962,MedicalRecord,V500,CMT_CONCEPT_EXTENSION,1,3,2
963,MedicalRecord,V500,RAD_TECH_FORMAT,1,4,4
964,MedicalRecord,V500,SCH_ROUTE,1,54,1
965,MedicalRecord,V500,RAD_INT_CASE,1,1,5
966,MedicalRecord,V500,PM_QUE_DIST_FILTER,1,3,2
967,MedicalRecord,V500,ALT_COLLECTION_INFO,1,6,1
968,MedicalRecord,V500,DM_ARC_INFO,1,4,1
969,MedicalRecord,V500,RAD_PEER_REVIEW,1,3,2
970,MedicalRecord,V500,CODE_VALUE_NODE,1,12,1
971,MedicalRecord,V500,OMF_SVC_CAT_HIST_ST,2,306,1
972,MedicalRecord,V500,PATHWAY_ACTION,2,28,1
973,MedicalRecord,V500,MLTM_RXB_ORDER_DURATION_MAP,1,9,1
974,MedicalRecord,V500,SCR_TERM_HIER,1,24,1
